Age,Attrition,BusinessTravel,DailyRate,Department,DistanceFromHome,Education,EducationField,EnvironmentSatisfaction,Gender,HourlyRate,JobInvolvement,JobLevel,JobSatisfaction,MaritalStatus,MonthlyIncome,MonthlyRate,NumCompaniesWorked,OverTime,PercentSalaryHike,PerformanceRating,RelationshipSatisfaction,StockOptionLevel,TotalWorkingYears,TrainingTimesLastYear,WorkLifeBalance,YearsAtCompany,YearsInCurrentRole,YearsSinceLastPromotion,YearsWithCurrManager,Age_DailyRate,MonthlyIncome_JobLevel,YearsAtCompany_TotalWorkingYears,Age_Binned,MonthlyIncome_Binned,Income_to_Level_Ratio,Company_Loyalty,WorkLife_OverTime_Stress,JobRole_Hash_0,JobRole_Hash_1,JobRole_Hash_2,JobRole_Hash_3,JobRole_Hash_4,JobRole_Hash_5,JobRole_Hash_6,JobRole_Hash_7
47,0,2,1225,2,2,4,1,2,0,47,4,4,2,0,15972,21086,6,0,14,3,3,3,29,2,3,3,2,1,2,57575,63888,87,2,2,3194.4,0.1,0,0.0,1.0,0.0,0.0,0.0,0.0,0.0,0.0
22,0,2,594,1,2,1,5,3,1,100,3,1,4,1,2523,19299,0,0,14,3,3,1,3,2,3,2,1,2,1,13068,2523,6,0,0,1261.5,0.5,0,0.0,0.0,1.0,0.0,0.0,0.0,0.0,0.0
46,0,2,406,2,3,1,2,1,1,52,3,4,3,1,17465,15596,3,0,12,3,4,1,23,3,3,12,9,4,9,18676,69860,276,2,2,3493.0,0.5,0,0.0,1.0,0.0,0.0,0.0,0.0,0.0,0.0
25,0,2,622,2,13,1,3,2,1,40,3,1,3,1,2096,26376,1,0,11,3,3,0,7,1,3,7,4,0,6,15550,2096,49,0,0,1048.0,0.875,0,0.0,0.0,0.0,0.0,0.0,-1.0,0.0,0.0
43,0,1,1001,1,9,5,3,4,1,72,3,2,3,0,5679,19627,3,1,13,3,2,1,10,3,3,8,7,4,7,43043,11358,80,2,1,1893.0,0.7272727272727273,3,0.0,0.0,1.0,0.0,0.0,0.0,0.0,0.0
28,1,2,1157,1,2,4,3,1,1,84,1,1,4,1,3464,24737,5,1,13,3,4,0,5,4,2,3,2,2,2,32396,3464,15,0,0,1732.0,0.5,2,1.0,0.0,0.0,0.0,0.0,0.0,0.0,0.0
51,0,2,833,1,1,3,1,3,1,96,3,1,4,1,2723,23231,1,0,11,3,2,0,1,0,2,1,0,0,0,42483,2723,1,3,0,1361.5,0.5,0,1.0,0.0,0.0,0.0,0.0,0.0,0.0,0.0
43,0,1,1082,1,27,3,1,3,0,83,3,3,1,1,10820,11535,8,0,11,3,3,1,18,1,3,8,7,0,1,46526,32460,144,2,2,2705.0,0.42105263157894735,0,0.0,0.0,0.0,1.0,0.0,0.0,0.0,0.0
40,0,2,118,2,14,2,1,4,0,84,3,2,1,1,4639,11262,1,0,15,3,3,1,5,2,3,5,4,1,2,4720,9278,25,1,0,1546.3333333333333,0.8333333333333334,0,0.0,0.0,0.0,0.0,1.0,0.0,0.0,0.0
27,0,2,205,2,10,3,2,4,0,98,2,2,4,1,5769,7100,1,1,11,3,4,0,6,3,3,6,2,4,4,5535,11538,36,0,1,1923.0,0.8571428571428571,3,0.0,0.0,0.0,0.0,1.0,0.0,0.0,0.0
36,1,2,1218,2,9,4,1,3,1,82,2,1,1,2,3407,6986,7,0,23,4,2,0,10,4,3,5,3,0,3,43848,3407,50,1,0,1703.5,0.45454545454545453,0,0.0,0.0,0.0,0.0,0.0,-1.0,0.0,0.0
29,0,2,694,1,1,3,1,4,0,87,2,4,4,0,16124,3423,3,0,14,3,2,2,9,2,2,7,7,1,7,20126,64496,63,0,2,3224.8,0.7,0,0.0,-1.0,0.0,0.0,0.0,0.0,0.0,0.0
45,0,2,549,1,8,4,4,4,1,75,3,2,4,1,3697,9278,9,0,14,3,1,2,12,3,3,10,9,9,8,24705,7394,120,2,0,1232.3333333333333,0.7692307692307693,0,1.0,0.0,0.0,0.0,0.0,0.0,0.0,0.0
23,0,2,507,1,20,1,1,1,1,97,3,2,3,2,2272,24812,0,0,14,3,2,0,5,2,3,4,3,1,2,11661,4544,20,0,0,757.3333333333334,0.6666666666666666,0,0.0,0.0,1.0,0.0,0.0,0.0,0.0,0.0
34,0,1,669,1,1,3,3,4,1,97,2,2,1,2,5343,25755,0,0,20,4,3,0,14,3,3,13,9,4,9,22746,10686,182,1,1,1781.0,0.8666666666666667,0,0.0,0.0,0.0,0.0,0.0,1.0,0.0,0.0
19,1,2,303,1,2,3,1,2,1,47,2,1,4,2,1102,9241,1,0,22,4,3,0,1,3,2,1,0,1,0,5757,1102,1,0,0,551.0,0.5,0,0.0,0.0,1.0,0.0,0.0,0.0,0.0,0.0
44,1,2,621,1,15,3,3,1,0,73,3,3,4,1,7978,14075,1,0,11,3,4,1,10,2,3,10,7,0,5,27324,23934,100,2,1,1994.5,0.9090909090909091,0,0.0,0.0,0.0,0.0,0.0,1.0,0.0,0.0
47,0,0,1169,1,14,4,5,3,1,64,3,2,2,1,5467,2125,8,0,18,3,3,1,16,4,4,8,7,1,7,54943,10934,128,2,1,1822.3333333333333,0.47058823529411764,0,1.0,0.0,0.0,0.0,0.0,0.0,0.0,0.0
31,0,2,218,2,7,3,5,2,1,100,4,2,4,1,6929,12241,4,0,11,3,2,1,10,3,2,8,7,7,7,6758,13858,80,1,1,2309.6666666666665,0.7272727272727273,0,0.0,0.0,0.0,0.0,1.0,0.0,0.0,0.0
46,0,1,638,1,1,3,3,3,1,40,2,3,1,1,10673,3142,2,1,13,3,3,1,21,5,2,10,9,9,5,29348,32019,210,2,2,2668.25,0.45454545454545453,2,0.0,0.0,0.0,0.0,0.0,1.0,0.0,0.0
33,0,2,117,1,9,3,3,1,1,60,3,1,4,1,2781,6311,0,0,13,3,2,1,15,5,3,14,10,4,10,3861,2781,210,1,0,1390.5,0.875,0,1.0,0.0,0.0,0.0,0.0,0.0,0.0,0.0
38,0,2,702,2,1,4,1,1,0,59,2,2,4,2,8686,12930,4,0,22,4,3,0,12,2,4,8,3,0,7,26676,17372,96,1,2,2895.3333333333335,0.6153846153846154,0,0.0,0.0,0.0,0.0,1.0,0.0,0.0,0.0
36,0,2,1396,1,5,2,1,4,1,62,3,2,2,2,5914,9945,8,0,16,3,4,0,16,3,4,13,11,3,7,50256,11828,208,1,1,1971.3333333333333,0.7647058823529411,0,0.0,0.0,1.0,0.0,0.0,0.0,0.0,0.0
46,0,2,991,0,1,2,1,4,0,44,3,1,1,2,3423,22957,6,0,12,3,3,0,10,3,4,7,6,5,7,45586,3423,70,2,0,1711.5,0.6363636363636364,0,0.0,0.0,1.0,0.0,0.0,0.0,0.0,0.0
41,0,2,447,1,5,3,1,2,1,85,4,2,2,2,6870,15530,3,0,12,3,1,0,11,3,1,3,2,1,2,18327,13740,33,2,1,2290.0,0.25,0,0.0,0.0,0.0,0.0,0.0,1.0,0.0,0.0
20,0,2,654,2,21,3,2,3,1,43,4,1,4,2,2678,5050,1,0,17,3,4,0,2,2,3,2,1,2,2,13080,2678,4,0,0,1339.0,0.6666666666666666,0,0.0,0.0,0.0,0.0,0.0,-1.0,0.0,0.0
31,0,2,1003,2,5,3,5,1,1,51,3,2,3,1,8346,20943,1,0,19,3,3,1,6,3,3,5,2,0,2,31093,16692,30,1,1,2782.0,0.7142857142857143,0,0.0,0.0,0.0,0.0,1.0,0.0,0.0,0.0
31,0,0,976,1,3,2,3,3,1,48,3,1,1,0,3065,3995,1,1,13,3,4,1,4,3,4,4,2,2,3,30256,3065,16,1,0,1532.5,0.8,4,1.0,0.0,0.0,0.0,0.0,0.0,0.0,0.0
46,0,2,1402,2,2,3,2,3,0,69,3,4,1,1,17048,24097,8,0,23,4,1,0,28,2,3,26,15,15,9,64492,68192,728,2,2,3409.6,0.896551724137931,0,0.0,1.0,0.0,0.0,0.0,0.0,0.0,0.0
53,0,2,1070,1,3,4,3,3,1,45,3,4,3,1,17584,21016,3,1,16,3,4,3,21,5,2,5,3,1,3,56710,70336,105,3,2,3516.8,0.22727272727272727,2,0.0,-1.0,0.0,0.0,0.0,0.0,0.0,0.0
24,0,2,350,1,21,2,5,3,1,57,2,1,1,0,2296,10036,0,0,14,3,2,3,2,3,3,1,1,0,0,8400,2296,2,0,0,1148.0,0.3333333333333333,0,0.0,0.0,1.0,0.0,0.0,0.0,0.0,0.0
52,0,2,1325,1,11,4,1,4,0,82,3,2,3,1,3149,21821,8,0,20,4,2,1,9,3,3,5,2,1,4,68900,6298,45,3,0,1049.6666666666667,0.5,0,0.0,0.0,1.0,0.0,0.0,0.0,0.0,0.0
36,0,1,1480,1,3,2,3,4,1,30,3,1,2,2,2088,15062,4,0,12,3,3,0,13,3,2,8,7,7,2,53280,2088,104,1,0,1044.0,0.5714285714285714,0,0.0,0.0,1.0,0.0,0.0,0.0,0.0,0.0
29,0,2,1378,1,13,2,4,4,1,46,2,2,2,1,4025,23679,4,1,13,3,1,1,10,2,3,4,3,0,3,39962,8050,40,0,0,1341.6666666666667,0.36363636363636365,3,0.0,0.0,1.0,0.0,0.0,0.0,0.0,0.0
28,0,2,1300,1,17,2,3,3,1,79,3,2,1,0,4558,13535,1,0,12,3,4,1,10,2,3,10,0,1,8,36400,9116,100,0,0,1519.3333333333333,0.9090909090909091,0,0.0,0.0,1.0,0.0,0.0,0.0,0.0,0.0
42,0,2,300,1,2,3,1,1,1,56,3,5,3,1,18880,17312,5,0,11,3,1,0,24,2,2,22,6,4,14,12600,94400,528,2,2,3146.6666666666665,0.88,0,0.0,1.0,0.0,0.0,0.0,0.0,0.0,0.0
21,0,2,501,2,5,1,3,3,1,58,3,1,1,2,2380,25479,1,1,11,3,4,0,2,6,3,2,2,1,2,10521,2380,4,0,0,1190.0,0.6666666666666666,3,0.0,0.0,0.0,0.0,0.0,-1.0,0.0,0.0
52,1,2,723,1,8,4,3,3,1,85,2,2,2,1,4941,17747,2,0,15,3,1,0,11,3,2,8,2,7,7,37596,9882,88,3,1,1647.0,0.6666666666666666,0,1.0,0.0,0.0,0.0,0.0,0.0,0.0,0.0
22,0,2,604,1,6,1,3,1,1,69,3,1,3,1,2773,12145,0,0,20,4,4,0,3,3,3,2,2,2,2,13288,2773,6,0,0,1386.5,0.5,0,1.0,0.0,0.0,0.0,0.0,0.0,0.0,0.0
34,0,0,697,1,3,4,1,3,1,40,2,1,4,1,2979,22478,3,0,17,3,4,3,6,2,3,0,0,0,0,23698,2979,0,1,0,1489.5,0.0,0,1.0,0.0,0.0,0.0,0.0,0.0,0.0,0.0
36,0,2,329,2,16,4,2,3,0,98,2,2,1,1,5647,13494,4,0,13,3,1,2,11,3,2,3,2,0,2,11844,11294,33,1,1,1882.3333333333333,0.25,0,0.0,0.0,0.0,0.0,1.0,0.0,0.0,0.0
33,1,2,1277,1,15,1,3,2,1,56,3,3,3,1,13610,24619,7,1,12,3,4,0,15,2,4,7,6,7,7,42141,40830,105,1,2,3402.5,0.4375,4,0.0,1.0,0.0,0.0,0.0,0.0,0.0,0.0
22,0,2,1230,1,1,2,1,4,1,33,2,2,4,1,4775,19146,6,0,22,4,1,2,4,2,1,2,2,2,2,27060,9550,8,0,0,1591.6666666666667,0.4,0,0.0,0.0,0.0,1.0,0.0,0.0,0.0,0.0
56,0,2,718,1,4,4,5,4,0,92,3,5,1,0,19943,18575,4,0,13,3,4,1,28,2,3,5,2,4,2,40208,99715,140,3,2,3323.8333333333335,0.1724137931034483,0,0.0,1.0,0.0,0.0,0.0,0.0,0.0,0.0
29,0,2,1329,1,7,3,1,3,1,82,3,2,4,0,6623,4204,1,1,11,3,2,2,6,2,3,6,0,1,0,38541,13246,36,0,1,2207.6666666666665,0.8571428571428571,3,0.0,0.0,0.0,0.0,0.0,1.0,0.0,0.0
36,0,2,884,2,1,4,1,2,0,73,3,2,3,2,6815,21447,6,0,13,3,1,0,15,5,3,1,0,0,0,31824,13630,15,1,1,2271.6666666666665,0.0625,0,0.0,0.0,0.0,0.0,1.0,0.0,0.0,0.0
34,0,2,1239,2,13,4,3,4,1,39,3,3,3,0,8628,22914,1,0,18,3,3,1,9,2,2,8,7,1,1,42126,25884,72,1,2,2157.0,0.8,0,0.0,0.0,0.0,0.0,1.0,0.0,0.0,0.0
34,0,2,665,1,6,4,4,1,0,41,3,2,3,2,4809,12482,1,0,14,3,3,0,16,3,3,16,13,2,10,22610,9618,256,1,0,1603.0,0.9411764705882353,0,1.0,0.0,0.0,0.0,0.0,0.0,0.0,0.0
50,0,2,989,1,7,2,3,2,0,43,2,5,3,0,18740,16701,5,1,12,3,4,1,29,2,2,27,3,13,8,49450,93700,783,2,2,3123.3333333333335,0.9,2,0.0,-1.0,0.0,0.0,0.0,0.0,0.0,0.0
38,1,2,903,1,2,3,3,3,1,81,3,2,2,1,4855,7653,4,0,11,3,1,2,7,2,3,5,2,1,4,34314,9710,35,1,0,1618.3333333333333,0.625,0,0.0,0.0,0.0,1.0,0.0,0.0,0.0,0.0
30,1,2,740,2,1,3,1,2,1,64,2,2,1,1,9714,5323,1,0,11,3,4,1,10,4,3,10,8,6,7,22200,19428,100,0,2,3238.0,0.9090909090909091,0,0.0,0.0,0.0,0.0,1.0,0.0,0.0,0.0
44,0,2,1099,2,5,3,2,2,1,88,3,5,2,1,18213,8751,7,0,11,3,3,1,26,5,3,22,9,3,10,48356,91065,572,2,2,3035.5,0.8148148148148148,0,0.0,1.0,0.0,0.0,0.0,0.0,0.0,0.0
48,0,1,365,1,4,5,3,3,1,89,2,4,4,1,15202,5602,2,0,25,4,2,1,23,3,3,2,2,2,2,17520,60808,46,2,2,3040.4,0.08333333333333333,0,0.0,1.0,0.0,0.0,0.0,0.0,0.0,0.0
58,0,2,1145,1,9,3,3,2,0,75,2,1,2,1,3346,11873,4,1,20,4,2,1,9,3,2,1,0,0,0,66410,3346,9,3,0,1673.0,0.1,2,1.0,0.0,0.0,0.0,0.0,0.0,0.0,0.0
29,0,0,746,2,2,3,1,4,1,61,3,2,3,1,4649,16928,1,0,14,3,1,1,4,3,2,4,3,0,2,21634,9298,16,0,0,1549.6666666666667,0.8,0,0.0,0.0,0.0,0.0,1.0,0.0,0.0,0.0
34,0,2,258,2,21,4,1,4,1,74,4,2,4,2,5337,19921,1,0,12,3,4,0,10,3,3,10,7,5,7,8772,10674,100,1,1,1779.0,0.9090909090909091,0,0.0,0.0,0.0,0.0,1.0,0.0,0.0,0.0
27,0,0,1277,1,8,5,1,1,1,87,1,1,3,1,4621,5869,1,0,19,3,4,3,3,4,3,3,2,1,2,34479,4621,9,0,0,2310.5,0.75,0,0.0,0.0,1.0,0.0,0.0,0.0,0.0,0.0
42,0,2,462,2,14,2,3,3,0,68,2,2,3,2,6244,7824,7,0,17,3,1,0,10,6,3,5,4,0,3,19404,12488,50,2,1,2081.3333333333335,0.45454545454545453,0,0.0,0.0,0.0,0.0,1.0,0.0,0.0,0.0
41,0,1,1200,1,22,3,1,4,0,75,3,2,4,0,5467,13953,3,1,14,3,1,2,12,4,2,6,2,3,3,49200,10934,72,2,1,1822.3333333333333,0.46153846153846156,2,1.0,0.0,0.0,0.0,0.0,0.0,0.0,0.0
37,0,2,1189,2,3,3,1,3,1,87,3,3,4,2,7428,14506,2,0,12,3,1,0,12,3,3,5,3,1,3,43993,22284,60,1,1,1857.0,0.38461538461538464,0,0.0,0.0,0.0,0.0,1.0,0.0,0.0,0.0
25,1,2,1219,1,4,1,5,4,1,32,3,1,4,1,3691,4605,1,1,15,3,2,1,7,3,4,7,7,5,6,30475,3691,49,0,0,1845.5,0.875,4,0.0,0.0,1.0,0.0,0.0,0.0,0.0,0.0
33,0,1,1146,2,25,3,3,2,0,82,3,2,3,1,4539,4905,1,0,12,3,1,1,10,3,2,10,7,0,1,37818,9078,100,1,0,1513.0,0.9090909090909091,0,0.0,0.0,0.0,0.0,1.0,0.0,0.0,0.0
32,0,2,1093,2,6,4,3,2,1,87,3,2,3,2,5010,24301,1,0,16,3,1,0,12,0,3,11,8,5,7,34976,10020,132,1,1,1670.0,0.8461538461538461,0,0.0,0.0,0.0,0.0,1.0,0.0,0.0,0.0
36,0,2,852,1,5,4,1,2,0,82,2,1,1,1,3419,13072,9,1,14,3,4,1,6,3,4,1,1,0,0,30672,3419,6,1,0,1709.5,0.14285714285714285,4,1.0,0.0,0.0,0.0,0.0,0.0,0.0,0.0
26,1,2,1449,1,16,4,3,1,1,45,3,1,2,0,2373,14180,2,1,13,3,4,1,5,2,3,3,2,0,2,37674,2373,15,0,0,1186.5,0.5,3,0.0,0.0,1.0,0.0,0.0,0.0,0.0,0.0
40,0,2,884,1,15,3,1,1,0,80,2,3,3,1,10435,25800,1,0,13,3,4,2,18,2,3,18,15,14,12,35360,31305,324,1,2,2608.75,0.9473684210526315,0,0.0,0.0,0.0,1.0,0.0,0.0,0.0,0.0
39,0,1,945,1,22,3,3,4,0,82,3,3,1,2,10880,5083,1,1,13,3,3,0,21,2,3,21,6,2,8,36855,32640,441,1,2,2720.0,0.9545454545454546,3,0.0,0.0,0.0,1.0,0.0,0.0,0.0,0.0
48,0,0,1262,1,1,4,3,1,1,35,4,4,4,2,16885,16154,2,0,22,4,3,0,27,3,2,5,4,2,1,60576,67540,135,2,2,3377.0,0.17857142857142858,0,0.0,1.0,0.0,0.0,0.0,0.0,0.0,0.0
32,0,0,300,1,1,3,1,4,1,61,3,1,4,0,2314,9148,0,0,12,3,2,1,4,2,3,3,0,0,2,9600,2314,12,1,0,1157.0,0.6,0,0.0,0.0,1.0,0.0,0.0,0.0,0.0,0.0
43,0,2,930,1,6,3,3,1,0,73,2,2,3,2,4081,20003,1,1,14,3,1,0,20,3,1,20,7,1,8,39990,8162,400,2,0,1360.3333333333333,0.9523809523809523,1,1.0,0.0,0.0,0.0,0.0,0.0,0.0,0.0
39,1,1,203,1,2,3,1,1,1,84,3,4,4,0,12169,13547,7,0,11,3,4,3,21,4,3,18,7,11,5,7917,48676,378,1,2,2433.8,0.8181818181818182,0,0.0,0.0,0.0,0.0,0.0,1.0,0.0,0.0
20,1,1,871,1,6,3,1,4,0,66,2,1,4,2,2926,19783,1,1,18,3,2,0,1,5,3,1,0,1,0,17420,2926,1,0,0,1463.0,0.5,3,0.0,0.0,1.0,0.0,0.0,0.0,0.0,0.0
39,1,2,895,2,5,3,5,4,1,56,3,2,4,1,2086,3335,3,0,14,3,3,1,19,6,4,1,0,0,0,34905,4172,19,1,0,695.3333333333334,0.05,0,0.0,0.0,0.0,0.0,0.0,-1.0,0.0,0.0
34,0,2,1320,1,20,3,5,3,0,89,4,1,3,1,2585,21643,0,0,17,3,4,0,2,5,2,1,0,0,0,44880,2585,2,1,0,1292.5,0.3333333333333333,0,1.0,0.0,0.0,0.0,0.0,0.0,0.0,0.0
38,0,1,240,1,2,4,1,1,0,75,4,2,1,2,5980,26085,6,1,12,3,4,0,17,2,3,15,7,4,12,9120,11960,255,1,1,1993.3333333333333,0.8333333333333334,3,0.0,0.0,0.0,1.0,0.0,0.0,0.0,0.0
28,0,2,760,2,2,4,2,2,0,81,3,2,2,1,4779,3698,1,1,20,4,1,0,8,2,3,8,7,7,5,21280,9558,64,0,0,1593.0,0.8888888888888888,3,0.0,0.0,0.0,0.0,1.0,0.0,0.0,0.0
28,1,2,1404,1,17,3,5,3,1,32,2,1,4,0,2367,18779,5,0,12,3,1,1,6,2,2,4,1,0,3,39312,2367,24,0,0,1183.5,0.5714285714285714,0,0.0,0.0,1.0,0.0,0.0,0.0,0.0,0.0
45,0,0,1050,2,9,4,1,2,0,65,2,2,3,1,5593,17970,1,0,13,3,4,1,15,2,3,15,10,4,12,47250,11186,225,2,1,1864.3333333333333,0.9375,0,0.0,0.0,0.0,0.0,1.0,0.0,0.0,0.0
26,0,1,1283,2,1,3,3,3,1,52,2,2,1,2,4294,11148,1,0,12,3,2,0,7,2,3,7,7,0,7,33358,8588,49,0,0,1431.3333333333333,0.875,0,0.0,0.0,0.0,0.0,1.0,0.0,0.0,0.0
36,0,2,429,1,2,4,1,3,0,53,3,2,2,2,5410,2323,9,1,11,3,4,0,18,2,3,16,14,5,12,15444,10820,288,1,1,1803.3333333333333,0.8421052631578947,3,0.0,0.0,0.0,1.0,0.0,0.0,0.0,0.0
48,0,2,817,2,2,1,2,2,1,56,4,2,2,1,8120,18597,3,0,12,3,4,0,12,3,3,2,2,2,2,39216,16240,24,2,1,2706.6666666666665,0.15384615384615385,0,0.0,0.0,0.0,0.0,1.0,0.0,0.0,0.0
43,0,2,1473,1,8,4,4,3,0,74,3,2,3,0,4522,2227,4,1,14,3,4,0,8,3,3,5,2,0,2,63339,9044,40,2,0,1507.3333333333333,0.5555555555555556,3,0.0,0.0,0.0,0.0,0.0,1.0,0.0,0.0
31,0,2,1079,2,10,2,3,3,0,86,3,2,4,0,6583,20115,2,1,11,3,4,1,8,2,3,5,2,1,4,33449,13166,40,1,1,2194.3333333333335,0.5555555555555556,3,0.0,0.0,0.0,0.0,1.0,0.0,0.0,0.0
34,0,1,735,1,22,4,4,3,1,86,2,2,4,1,5747,26496,1,1,15,3,2,0,16,3,3,15,10,6,11,24990,11494,240,1,1,1915.6666666666667,0.8823529411764706,3,1.0,0.0,0.0,0.0,0.0,0.0,0.0,0.0
47,0,2,465,1,1,3,5,1,1,74,3,1,4,1,3420,10205,7,0,12,3,3,1,17,2,2,6,5,1,2,21855,3420,102,2,0,1710.0,0.3333333333333333,0,1.0,0.0,0.0,0.0,0.0,0.0,0.0,0.0
34,0,2,285,1,29,3,3,2,1,86,3,2,3,1,5429,17491,4,0,13,3,1,2,10,1,3,8,7,7,7,9690,10858,80,1,1,1809.6666666666667,0.7272727272727273,0,0.0,0.0,1.0,0.0,0.0,0.0,0.0,0.0
35,0,2,890,2,2,3,2,4,0,97,3,1,4,1,2014,9687,1,0,13,3,1,0,2,3,3,2,2,2,2,31150,2014,4,1,0,1007.0,0.6666666666666666,0,0.0,0.0,0.0,0.0,0.0,-1.0,0.0,0.0
38,0,2,1084,1,29,3,5,4,1,54,3,2,4,1,6261,4185,3,0,18,3,1,1,9,3,1,7,7,1,7,41192,12522,63,1,1,2087.0,0.7,0,0.0,0.0,0.0,1.0,0.0,0.0,0.0,0.0
23,0,2,373,1,1,2,1,4,1,47,3,1,3,1,1223,16901,1,0,22,4,4,1,1,2,3,1,0,0,1,8579,1223,1,0,0,611.5,0.5,0,1.0,0.0,0.0,0.0,0.0,0.0,0.0,0.0
44,1,1,920,1,24,3,1,4,1,43,3,1,3,0,3161,19920,3,1,22,4,4,1,19,0,1,1,0,0,0,40480,3161,19,2,0,1580.5,0.05,1,0.0,0.0,1.0,0.0,0.0,0.0,0.0,0.0
29,0,2,468,1,28,4,3,4,0,73,2,1,1,2,3785,8489,1,0,14,3,2,0,5,3,1,5,4,0,4,13572,3785,25,0,0,1892.5,0.8333333333333334,0,1.0,0.0,0.0,0.0,0.0,0.0,0.0,0.0
34,0,2,971,2,1,3,5,4,1,64,2,3,3,1,7083,12288,1,1,14,3,4,0,10,3,3,10,9,8,6,33014,21249,100,1,1,1770.75,0.9090909090909091,3,0.0,0.0,0.0,0.0,1.0,0.0,0.0,0.0
36,0,0,1105,1,24,4,1,2,0,47,3,2,2,1,5674,6927,7,0,15,3,3,1,11,3,3,9,8,0,8,39780,11348,99,1,1,1891.3333333333333,0.75,0,0.0,0.0,1.0,0.0,0.0,0.0,0.0,0.0
55,0,0,177,1,8,1,3,4,1,37,2,4,2,0,13577,25592,1,1,15,3,4,1,34,3,3,33,9,15,0,9735,54308,1122,3,2,2715.4,0.9428571428571428,3,0.0,0.0,0.0,0.0,0.0,1.0,0.0,0.0
43,0,2,589,1,14,2,1,2,1,94,3,4,1,1,17159,5200,6,0,24,4,3,1,22,3,3,4,1,1,0,25327,68636,88,2,2,3431.8,0.17391304347826086,0,0.0,-1.0,0.0,0.0,0.0,0.0,0.0,0.0
32,0,1,1316,1,2,2,1,4,0,38,3,2,3,2,4998,2338,4,1,14,3,4,0,10,2,3,8,7,0,7,42112,9996,80,1,1,1666.0,0.7272727272727273,3,1.0,0.0,0.0,0.0,0.0,0.0,0.0,0.0
32,0,1,1318,2,10,4,2,4,1,79,3,2,4,2,4648,26075,8,0,13,3,3,0,4,2,4,0,0,0,0,42176,9296,0,1,0,1549.3333333333333,0.0,0,0.0,0.0,0.0,0.0,1.0,0.0,0.0,0.0
25,0,2,883,2,26,1,3,3,0,32,3,2,4,2,6180,22807,1,0,23,4,2,0,6,5,2,6,5,1,4,22075,12360,36,0,1,2060.0,0.8571428571428571,0,0.0,0.0,0.0,0.0,1.0,0.0,0.0,0.0
37,0,2,674,1,13,3,3,1,1,47,3,2,4,1,4285,3031,1,0,17,3,1,0,10,2,3,10,8,3,7,24938,8570,100,1,0,1428.3333333333333,0.9090909090909091,0,1.0,0.0,0.0,0.0,0.0,0.0,0.0,0.0
45,0,2,954,2,2,2,5,2,1,46,1,2,3,2,6632,12388,0,0,13,3,1,0,9,3,3,8,7,3,1,42930,13264,72,2,1,2210.6666666666665,0.8,0,0.0,0.0,0.0,0.0,0.0,-1.0,0.0,0.0
33,0,2,1198,1,1,4,4,3,1,100,2,1,1,2,2799,3339,3,1,11,3,2,0,6,1,3,3,2,0,2,39534,2799,18,1,0,1399.5,0.42857142857142855,3,1.0,0.0,0.0,0.0,0.0,0.0,0.0,0.0
31,0,2,471,1,4,3,3,1,0,62,4,1,3,0,3978,16031,8,0,12,3,2,1,4,0,2,2,2,2,2,14601,3978,8,1,0,1989.0,0.4,0,0.0,0.0,1.0,0.0,0.0,0.0,0.0,0.0
26,0,2,775,2,29,2,3,1,1,45,3,2,3,0,4306,4267,5,0,12,3,1,2,8,5,3,0,0,0,0,20150,8612,0,0,0,1435.3333333333333,0.0,0,0.0,0.0,0.0,0.0,1.0,0.0,0.0,0.0
46,0,0,849,2,26,2,1,2,1,98,2,2,2,2,7991,25166,8,0,15,3,3,0,6,3,3,2,2,2,2,39054,15982,12,2,1,2663.6666666666665,0.2857142857142857,0,0.0,0.0,0.0,0.0,1.0,0.0,0.0,0.0
29,1,2,408,2,23,1,1,4,0,45,2,3,1,1,7336,11162,1,0,13,3,1,1,11,3,1,11,8,3,10,11832,22008,121,0,1,1834.0,0.9166666666666666,0,0.0,0.0,0.0,0.0,1.0,0.0,0.0,0.0
21,0,2,391,1,15,2,1,3,1,96,3,1,4,2,1232,19281,1,0,14,3,4,0,0,6,3,0,0,0,0,8211,1232,0,0,0,616.0,0.0,0,1.0,0.0,0.0,0.0,0.0,0.0,0.0,0.0
52,1,2,266,2,2,1,2,1,0,57,1,5,4,1,19845,25846,1,0,15,3,4,1,33,3,3,32,14,6,9,13832,99225,1056,3,2,3307.5,0.9411764705882353,0,0.0,1.0,0.0,0.0,0.0,0.0,0.0,0.0
37,0,2,1017,1,1,2,3,3,0,83,2,1,1,1,3920,18697,2,0,14,3,1,1,17,2,2,3,1,0,2,37629,3920,51,1,0,1960.0,0.16666666666666666,0,1.0,0.0,0.0,0.0,0.0,0.0,0.0,0.0
39,0,2,867,1,9,2,3,1,1,87,3,2,1,1,5151,12315,1,0,25,4,4,1,10,3,3,10,0,7,9,33813,10302,100,1,1,1717.0,0.9090909090909091,0,0.0,0.0,0.0,1.0,0.0,0.0,0.0,0.0
27,0,2,1291,2,11,3,3,3,0,98,4,1,4,1,2534,6527,8,0,14,3,2,1,5,4,3,1,0,0,0,34857,2534,5,0,0,1267.0,0.16666666666666666,0,0.0,0.0,0.0,0.0,0.0,-1.0,0.0,0.0
36,0,2,1425,1,14,1,1,3,1,68,3,2,4,1,6586,4821,0,1,17,3,1,1,17,2,2,16,8,4,11,51300,13172,272,1,1,2195.3333333333335,0.8888888888888888,2,0.0,0.0,0.0,0.0,0.0,1.0,0.0,0.0
49,0,2,470,1,20,4,3,3,0,96,3,2,1,1,6567,5549,1,0,14,3,3,0,16,2,2,15,11,5,11,23030,13134,240,2,1,2189.0,0.8823529411764706,0,0.0,0.0,0.0,1.0,0.0,0.0,0.0,0.0
45,0,0,248,1,23,2,1,4,1,42,3,2,1,1,3633,14039,1,1,15,3,3,1,9,2,3,9,8,0,8,11160,7266,81,2,0,1211.0,0.9,3,0.0,0.0,1.0,0.0,0.0,0.0,0.0,0.0
45,0,2,1005,1,28,2,5,4,0,48,2,4,2,2,16704,17119,1,0,11,3,3,0,21,2,3,21,6,8,6,45225,66816,441,2,2,3340.8,0.9545454545454546,0,0.0,-1.0,0.0,0.0,0.0,0.0,0.0,0.0
34,0,1,878,1,10,4,3,4,1,43,3,1,3,0,3815,5972,1,1,17,3,4,1,5,4,4,5,3,2,0,29852,3815,25,1,0,1907.5,0.8333333333333334,4,1.0,0.0,0.0,0.0,0.0,0.0,0.0,0.0
35,0,2,219,1,16,2,4,4,0,44,2,2,2,1,4788,25388,0,1,11,3,4,0,4,2,3,3,2,0,2,7665,9576,12,1,0,1596.0,0.6,3,0.0,0.0,0.0,1.0,0.0,0.0,0.0,0.0
33,0,2,147,0,2,3,0,2,1,99,3,1,3,1,3600,8429,1,0,13,3,4,1,5,2,3,5,4,1,4,4851,3600,25,1,0,1800.0,0.8333333333333334,0,0.0,0.0,1.0,0.0,0.0,0.0,0.0,0.0
32,1,2,1045,2,4,4,3,4,1,32,1,3,4,1,10400,25812,1,0,11,3,3,0,14,2,2,14,8,9,8,33440,31200,196,1,2,2600.0,0.9333333333333333,0,0.0,0.0,0.0,0.0,1.0,0.0,0.0,0.0
30,0,2,501,2,27,5,2,3,1,99,3,2,4,0,5304,25275,7,0,23,4,4,1,10,2,2,8,7,7,7,15030,10608,80,0,1,1768.0,0.7272727272727273,0,0.0,0.0,0.0,0.0,1.0,0.0,0.0,0.0
34,0,2,1442,1,9,3,3,4,0,46,2,3,2,2,8621,17654,1,0,14,3,2,0,9,3,4,8,7,7,7,49028,25863,72,1,2,2155.25,0.8,0,0.0,0.0,0.0,0.0,0.0,1.0,0.0,0.0
23,0,2,541,2,2,1,5,3,1,62,3,1,1,0,2322,9518,3,0,13,3,3,1,3,3,3,0,0,0,0,12443,2322,0,0,0,1161.0,0.0,0,0.0,0.0,0.0,0.0,0.0,-1.0,0.0,0.0
51,0,2,632,2,21,4,2,3,1,71,3,2,4,2,5441,8423,0,1,22,4,4,0,11,2,1,10,7,1,0,32232,10882,110,3,1,1813.6666666666667,0.8333333333333334,1,0.0,0.0,0.0,0.0,1.0,0.0,0.0,0.0
28,0,1,791,1,1,4,3,4,1,44,3,1,3,2,2154,6842,0,1,11,3,3,0,5,2,2,4,2,0,2,22148,2154,20,0,0,1077.0,0.6666666666666666,2,0.0,0.0,1.0,0.0,0.0,0.0,0.0,0.0
31,0,2,616,1,12,3,3,4,0,41,3,2,4,1,5855,17369,0,1,11,3,3,2,10,2,1,9,7,8,5,19096,11710,90,1,1,1951.6666666666667,0.8181818181818182,1,0.0,0.0,0.0,0.0,0.0,1.0,0.0,0.0
27,0,2,608,1,1,2,1,3,0,68,3,3,1,1,7412,6009,1,0,11,3,4,0,9,3,3,9,7,0,7,16416,22236,81,0,1,1853.0,0.9,0,0.0,0.0,0.0,1.0,0.0,0.0,0.0,0.0
28,0,2,1169,0,8,2,3,2,1,63,2,1,4,0,4936,23965,1,0,13,3,4,1,6,6,3,5,1,0,4,32732,4936,30,0,1,2468.0,0.7142857142857143,0,0.0,0.0,1.0,0.0,0.0,0.0,0.0,0.0
45,0,0,589,2,2,4,1,3,0,67,3,2,3,1,5154,19665,4,0,22,4,2,2,10,3,4,8,7,5,7,26505,10308,80,2,1,1718.0,0.7272727272727273,0,0.0,0.0,0.0,0.0,1.0,0.0,0.0,0.0
39,0,0,792,1,1,3,1,4,1,77,3,2,4,1,6472,8989,1,1,15,3,4,1,9,2,3,9,8,5,8,30888,12944,81,1,1,2157.3333333333335,0.9,3,0.0,0.0,1.0,0.0,0.0,0.0,0.0,0.0
42,0,1,1271,1,2,1,3,2,1,35,3,1,4,2,2515,9068,5,1,14,3,4,0,8,2,3,2,1,2,2,53382,2515,16,2,0,1257.5,0.2222222222222222,3,1.0,0.0,0.0,0.0,0.0,0.0,0.0,0.0
33,0,1,508,2,10,3,2,2,1,46,2,2,4,2,4682,4317,3,0,14,3,3,0,9,6,2,7,7,0,1,16764,9364,63,1,0,1560.6666666666667,0.7,0,0.0,0.0,0.0,0.0,1.0,0.0,0.0,0.0
36,0,2,557,2,3,3,3,1,0,94,2,3,4,1,7644,12695,0,0,19,3,3,2,10,2,3,9,7,3,4,20052,22932,90,1,1,1911.0,0.8181818181818182,0,0.0,0.0,0.0,0.0,1.0,0.0,0.0,0.0
38,0,2,723,2,2,4,2,2,0,77,1,2,4,1,5405,4244,2,1,20,4,1,2,20,4,2,4,2,0,3,27474,10810,80,1,1,1801.6666666666667,0.19047619047619047,2,0.0,0.0,0.0,0.0,0.0,-1.0,0.0,0.0
59,0,2,715,1,2,3,1,3,0,69,2,4,4,2,13726,21829,3,1,13,3,1,0,30,4,3,5,3,4,3,42185,54904,150,3,2,2745.2,0.16129032258064516,3,0.0,0.0,0.0,1.0,0.0,0.0,0.0,0.0
29,0,2,1247,2,20,2,2,4,1,45,3,2,4,0,6931,10732,2,0,14,3,4,1,10,2,3,3,2,0,2,36163,13862,30,0,1,2310.3333333333335,0.2727272727272727,0,0.0,0.0,0.0,0.0,1.0,0.0,0.0,0.0
49,0,1,1064,1,2,1,1,2,1,42,3,5,4,1,19161,13738,3,0,15,3,4,0,28,3,3,5,4,4,3,52136,95805,140,2,2,3193.5,0.1724137931034483,0,0.0,-1.0,0.0,0.0,0.0,0.0,0.0,0.0
50,0,0,145,2,1,3,1,4,0,95,3,2,3,1,6347,24920,0,0,12,3,1,1,19,3,3,18,7,0,13,7250,12694,342,2,1,2115.6666666666665,0.9,0,0.0,0.0,0.0,0.0,1.0,0.0,0.0,0.0
27,0,0,210,2,1,1,2,3,1,73,3,2,2,1,6349,22107,0,1,13,3,4,1,6,0,3,5,4,1,4,5670,12698,30,0,1,2116.3333333333335,0.7142857142857143,3,0.0,0.0,0.0,0.0,1.0,0.0,0.0,0.0
42,0,0,355,1,10,4,5,3,1,38,3,1,3,1,2936,6161,3,0,22,4,2,2,10,1,2,6,3,3,3,14910,2936,60,2,0,1468.0,0.5454545454545454,0,1.0,0.0,0.0,0.0,0.0,0.0,0.0,0.0
37,0,2,408,1,19,2,1,2,1,73,3,1,2,1,3022,10227,4,0,21,4,1,0,8,1,3,1,0,0,0,15096,3022,8,1,0,1511.0,0.1111111111111111,0,1.0,0.0,0.0,0.0,0.0,0.0,0.0,0.0
36,0,1,469,1,3,3,5,3,1,46,3,1,2,1,3692,9256,1,0,12,3,3,0,12,2,2,11,10,0,7,16884,3692,132,1,0,1846.0,0.8461538461538461,0,1.0,0.0,0.0,0.0,0.0,0.0,0.0,0.0
47,0,2,983,1,2,2,3,1,0,65,3,2,4,0,5070,7389,5,0,13,3,3,3,20,2,3,5,0,0,4,46201,10140,100,2,1,1690.0,0.23809523809523808,0,0.0,0.0,0.0,1.0,0.0,0.0,0.0,0.0
39,0,2,119,2,15,4,2,2,1,77,3,4,1,2,13341,25098,0,0,12,3,1,0,21,3,3,20,8,11,10,4641,53364,420,1,2,2668.2,0.9090909090909091,0,0.0,0.0,0.0,0.0,1.0,0.0,0.0,0.0
41,0,0,552,0,4,3,0,3,1,60,1,2,2,1,6430,20794,6,0,19,3,2,1,10,4,3,3,2,1,2,22632,12860,30,2,1,2143.3333333333335,0.2727272727272727,0,0.0,0.0,1.0,0.0,0.0,0.0,0.0,0.0
29,1,1,337,1,14,1,4,3,0,84,3,3,4,2,7553,22930,0,1,12,3,1,0,9,1,3,8,7,7,7,9773,22659,72,0,1,1888.25,0.8,3,0.0,0.0,0.0,0.0,0.0,1.0,0.0,0.0
38,0,2,364,1,3,5,5,4,0,32,3,2,3,2,4317,2302,3,1,20,4,2,0,19,2,3,3,2,2,2,13832,8634,57,1,0,1439.0,0.15,3,1.0,0.0,0.0,0.0,0.0,0.0,0.0,0.0
32,0,2,1062,1,2,3,3,3,0,75,3,1,2,1,2370,3956,1,0,13,3,3,1,8,4,3,8,0,0,7,33984,2370,64,1,0,1185.0,0.8888888888888888,0,0.0,0.0,1.0,0.0,0.0,0.0,0.0,0.0
31,1,1,1445,1,1,5,1,3,0,100,4,3,2,2,7446,8931,1,0,11,3,1,0,10,2,3,10,8,4,7,44795,22338,100,1,1,1861.5,0.9090909090909091,0,0.0,0.0,0.0,1.0,0.0,0.0,0.0,0.0
21,0,2,546,1,5,1,3,3,1,97,3,1,4,2,3117,26009,1,0,18,3,3,0,3,2,3,2,2,2,2,11466,3117,6,0,0,1558.5,0.5,0,1.0,0.0,0.0,0.0,0.0,0.0,0.0,0.0
43,0,1,422,1,1,3,1,4,0,33,3,2,4,1,5562,21782,4,0,13,3,2,1,12,2,2,5,2,2,2,18146,11124,60,2,1,1854.0,0.38461538461538464,0,0.0,0.0,0.0,0.0,0.0,1.0,0.0,0.0
38,0,2,1495,1,4,2,3,4,0,87,3,1,3,1,3306,26176,7,0,19,3,4,1,7,5,2,0,0,0,0,56810,3306,0,1,0,1653.0,0.0,0,0.0,0.0,1.0,0.0,0.0,0.0,0.0,0.0
50,0,2,813,1,17,5,1,4,0,50,2,3,1,0,13269,21981,5,0,15,3,3,3,19,3,3,14,11,1,11,40650,39807,266,2,2,3317.25,0.7,0,0.0,-1.0,0.0,0.0,0.0,0.0,0.0,0.0
31,0,2,1274,1,9,1,1,3,1,33,3,3,2,0,10648,14394,1,0,25,4,4,1,13,6,4,13,8,0,8,39494,31944,169,1,2,2662.0,0.9285714285714286,0,0.0,0.0,0.0,1.0,0.0,0.0,0.0,0.0
35,1,2,303,2,27,3,1,3,1,84,3,2,4,2,5813,13492,1,1,18,3,4,0,10,2,3,10,7,7,7,10605,11626,100,1,1,1937.6666666666667,0.9090909090909091,3,0.0,0.0,0.0,0.0,1.0,0.0,0.0,0.0
37,0,2,1305,1,10,4,1,3,1,49,3,2,2,2,4197,21123,2,1,12,3,4,0,18,2,2,1,0,0,1,48285,8394,18,1,0,1399.0,0.05263157894736842,2,0.0,0.0,0.0,1.0,0.0,0.0,0.0,0.0
27,0,2,1130,2,8,4,2,2,0,56,3,2,2,1,6214,3415,1,0,18,3,1,1,8,3,3,8,7,0,7,30510,12428,64,0,1,2071.3333333333335,0.8888888888888888,0,0.0,0.0,0.0,0.0,1.0,0.0,0.0,0.0
48,0,2,1355,1,4,4,1,3,1,78,2,3,3,2,10999,22245,7,0,14,3,2,0,27,3,3,15,11,4,8,65040,32997,405,2,2,2749.75,0.5357142857142857,0,0.0,0.0,0.0,0.0,0.0,1.0,0.0,0.0
38,0,1,1394,1,8,3,3,4,0,58,2,2,2,0,2133,18115,1,1,16,3,3,1,20,3,3,20,11,0,7,52972,4266,400,1,0,711.0,0.9523809523809523,3,1.0,0.0,0.0,0.0,0.0,0.0,0.0,0.0
36,0,0,894,1,1,4,3,4,0,33,2,2,3,1,4374,15411,0,0,15,3,3,0,4,6,3,3,2,1,2,32184,8748,12,1,0,1458.0,0.6,0,0.0,0.0,0.0,1.0,0.0,0.0,0.0,0.0
27,0,2,1377,1,11,1,1,2,1,91,3,1,1,1,2099,7679,0,0,14,3,2,0,6,3,4,5,0,1,4,37179,2099,30,0,0,1049.5,0.7142857142857143,0,0.0,0.0,1.0,0.0,0.0,0.0,0.0,0.0
34,0,0,999,1,26,1,5,1,0,92,2,1,3,0,2029,15891,1,0,20,4,3,3,5,2,3,5,4,0,0,33966,2029,25,1,0,1014.5,0.8333333333333334,0,1.0,0.0,0.0,0.0,0.0,0.0,0.0,0.0
47,0,1,217,2,3,3,3,4,0,49,3,4,3,0,13770,10225,9,1,12,3,4,2,28,2,2,22,2,11,13,10199,55080,616,2,2,2754.0,0.7586206896551724,2,0.0,0.0,0.0,0.0,1.0,0.0,0.0,0.0
49,0,2,464,1,16,3,3,4,0,74,3,1,1,0,2587,24941,4,1,16,3,2,1,17,2,2,2,2,2,2,22736,2587,34,2,0,1293.5,0.1111111111111111,2,0.0,0.0,1.0,0.0,0.0,0.0,0.0,0.0
58,0,2,605,2,21,3,1,4,0,72,3,4,4,1,17875,11761,4,1,13,3,3,1,29,2,2,1,0,0,0,35090,71500,29,3,2,3575.0,0.03333333333333333,2,0.0,1.0,0.0,0.0,0.0,0.0,0.0,0.0
24,1,2,1448,2,1,1,5,1,0,62,3,1,2,2,3202,21972,1,1,16,3,2,0,6,4,3,5,3,1,4,34752,3202,30,0,0,1601.0,0.7142857142857143,3,0.0,0.0,0.0,0.0,0.0,-1.0,0.0,0.0
29,0,1,410,1,2,1,1,4,0,97,3,1,2,1,3180,4668,0,0,13,3,3,3,4,3,3,3,2,0,2,11890,3180,12,0,0,1590.0,0.6,0,0.0,0.0,1.0,0.0,0.0,0.0,0.0,0.0
35,0,2,1017,1,6,4,1,2,1,82,1,2,4,2,6646,19368,1,0,13,3,2,0,17,3,3,17,11,11,8,35595,13292,289,1,1,2215.3333333333335,0.9444444444444444,0,1.0,0.0,0.0,0.0,0.0,0.0,0.0,0.0
26,0,2,841,1,6,3,4,3,0,46,2,1,2,1,2368,23300,1,0,19,3,3,0,5,3,2,5,4,4,3,21866,2368,25,0,0,1184.0,0.8333333333333334,0,1.0,0.0,0.0,0.0,0.0,0.0,0.0,0.0
58,1,2,286,1,2,4,1,4,1,31,3,5,2,2,19246,25761,7,1,12,3,4,0,40,2,3,31,15,13,8,16588,96230,1240,3,2,3207.6666666666665,0.7560975609756098,3,0.0,-1.0,0.0,0.0,0.0,0.0,0.0,0.0
45,0,1,364,1,25,3,3,2,0,83,3,5,2,2,18061,13035,3,0,22,4,3,0,22,4,3,0,0,0,0,16380,90305,0,2,2,3010.1666666666665,0.0,0,0.0,1.0,0.0,0.0,0.0,0.0,0.0,0.0
38,0,2,849,1,25,2,1,1,0,81,2,3,2,1,12061,26707,3,0,17,3,3,1,19,2,3,10,8,0,1,32262,36183,190,1,2,3015.25,0.5,0,0.0,-1.0,0.0,0.0,0.0,0.0,0.0,0.0
22,0,2,253,1,11,3,3,1,0,43,3,1,2,1,2244,24440,1,0,13,3,4,1,2,1,3,2,1,1,2,5566,2244,4,0,0,1122.0,0.6666666666666666,0,1.0,0.0,0.0,0.0,0.0,0.0,0.0,0.0
33,1,2,1017,1,25,3,3,1,1,55,2,1,2,2,2313,2993,4,1,20,4,2,0,5,0,3,2,2,2,2,33561,2313,10,1,0,1156.5,0.3333333333333333,3,1.0,0.0,0.0,0.0,0.0,0.0,0.0,0.0
30,0,0,1398,2,22,4,4,3,0,69,3,3,1,1,8412,2890,0,0,11,3,3,0,10,3,3,9,8,7,8,41940,25236,90,0,2,2103.0,0.8181818181818182,0,0.0,0.0,0.0,0.0,1.0,0.0,0.0,0.0
38,0,2,395,2,9,3,2,2,1,98,2,1,2,1,2899,12102,0,0,19,3,4,1,3,3,3,2,2,1,2,15010,2899,6,1,0,1449.5,0.5,0,0.0,0.0,0.0,0.0,0.0,-1.0,0.0,0.0
35,0,1,636,1,4,4,4,4,1,47,2,1,4,1,2376,26537,1,0,13,3,2,1,2,2,4,2,2,2,2,22260,2376,4,1,0,1188.0,0.6666666666666666,0,0.0,0.0,1.0,0.0,0.0,0.0,0.0,0.0
30,0,2,1138,1,6,3,5,1,0,48,2,2,4,1,4627,23631,0,0,12,3,1,1,10,6,3,9,2,6,7,34140,9254,90,0,0,1542.3333333333333,0.8181818181818182,0,0.0,0.0,1.0,0.0,0.0,0.0,0.0,0.0
27,0,1,1410,2,3,1,3,4,0,71,4,2,4,0,4647,16673,1,1,20,4,2,2,6,3,3,6,5,0,4,38070,9294,36,0,0,1549.0,0.8571428571428571,3,0.0,0.0,0.0,0.0,1.0,0.0,0.0,0.0
23,0,2,571,1,12,2,4,4,1,78,3,1,4,2,2647,13672,1,0,13,3,3,0,5,6,4,5,2,1,4,13133,2647,25,0,0,1323.5,0.8333333333333334,0,0.0,0.0,1.0,0.0,0.0,0.0,0.0,0.0
46,0,2,734,1,2,4,3,3,1,46,3,5,4,0,19328,14218,7,1,17,3,3,1,24,3,3,2,1,2,2,33764,96640,48,2,2,3221.3333333333335,0.08,3,0.0,-1.0,0.0,0.0,0.0,0.0,0.0,0.0
27,0,2,975,1,7,3,3,4,0,55,2,2,1,2,6811,23398,8,0,19,3,1,0,9,2,1,7,6,0,7,26325,13622,63,0,1,2270.3333333333335,0.7,0,0.0,0.0,0.0,0.0,0.0,1.0,0.0,0.0
33,1,2,587,1,10,1,3,1,1,38,1,1,4,0,3408,6705,7,0,13,3,1,3,8,2,3,4,3,1,3,19371,3408,32,1,0,1704.0,0.4444444444444444,0,0.0,0.0,1.0,0.0,0.0,0.0,0.0,0.0
48,0,2,492,2,16,4,1,3,0,96,3,2,3,0,6439,13693,8,0,14,3,3,1,18,2,3,8,7,7,7,23616,12878,144,2,1,2146.3333333333335,0.42105263157894735,0,0.0,0.0,0.0,0.0,1.0,0.0,0.0,0.0
38,0,2,833,1,18,3,3,2,1,60,1,2,4,1,5811,24539,3,1,16,3,3,1,15,2,3,1,0,1,0,31654,11622,15,1,1,1937.0,0.0625,3,0.0,0.0,0.0,0.0,0.0,1.0,0.0,0.0
34,0,1,702,1,16,4,1,3,0,100,2,1,4,2,2553,8306,1,0,16,3,3,0,6,3,3,5,2,1,3,23868,2553,30,1,0,1276.5,0.7142857142857143,0,1.0,0.0,0.0,0.0,0.0,0.0,0.0,0.0
27,0,1,829,2,8,1,2,3,1,84,3,2,4,1,4342,24008,0,0,19,3,2,1,5,3,3,4,2,1,1,22383,8684,20,0,0,1447.3333333333333,0.6666666666666666,0,0.0,0.0,0.0,0.0,1.0,0.0,0.0,0.0
30,0,1,160,1,3,3,3,3,0,71,3,1,3,0,2083,22653,1,0,20,4,3,1,1,2,3,1,0,0,0,4800,2083,1,0,0,1041.5,0.5,0,1.0,0.0,0.0,0.0,0.0,0.0,0.0,0.0
33,0,0,530,2,16,3,1,3,0,36,3,2,4,0,5368,16130,1,1,25,4,3,1,7,2,3,6,5,1,2,17490,10736,42,1,1,1789.3333333333333,0.75,3,0.0,0.0,0.0,0.0,1.0,0.0,0.0,0.0
28,1,1,1009,1,1,3,3,1,1,45,2,1,2,0,2596,7160,1,0,15,3,1,2,1,2,3,1,0,0,0,28252,2596,1,0,0,1298.0,0.5,0,0.0,0.0,1.0,0.0,0.0,0.0,0.0,0.0
23,1,1,638,2,9,3,2,4,1,33,3,1,1,1,1790,26956,1,0,19,3,1,1,1,3,2,1,0,1,0,14674,1790,1,0,0,895.0,0.5,0,0.0,0.0,0.0,0.0,0.0,-1.0,0.0,0.0
47,0,1,1379,1,16,4,3,3,1,64,4,2,3,0,5067,6759,1,1,19,3,3,0,20,3,4,19,10,2,7,64813,10134,380,2,1,1689.0,0.9047619047619048,4,0.0,0.0,0.0,1.0,0.0,0.0,0.0,0.0
51,0,2,432,1,9,4,1,4,1,96,3,1,4,1,2075,18725,3,0,23,4,2,2,10,4,3,4,2,0,3,22032,2075,40,3,0,1037.5,0.36363636363636365,0,0.0,0.0,1.0,0.0,0.0,0.0,0.0,0.0
35,0,2,750,1,28,3,1,2,1,46,4,2,3,1,3407,25348,1,0,17,3,4,2,10,3,2,10,9,6,8,26250,6814,100,1,0,1135.6666666666667,0.9090909090909091,0,0.0,0.0,1.0,0.0,0.0,0.0,0.0,0.0
30,1,2,1005,1,3,3,5,4,0,88,3,1,1,2,2657,8556,5,1,11,3,3,0,8,5,3,5,2,0,4,30150,2657,40,0,0,1328.5,0.5555555555555556,3,1.0,0.0,0.0,0.0,0.0,0.0,0.0,0.0
38,0,1,471,1,12,3,1,1,1,45,2,2,1,0,6288,4284,2,0,15,3,3,1,13,3,2,4,3,1,2,17898,12576,52,1,1,2096.0,0.2857142857142857,0,0.0,0.0,0.0,0.0,0.0,1.0,0.0,0.0
25,1,2,688,1,3,3,3,1,1,91,3,1,1,1,4031,9396,5,0,13,3,3,1,6,5,3,2,2,0,2,17200,4031,12,0,0,2015.5,0.2857142857142857,0,0.0,0.0,1.0,0.0,0.0,0.0,0.0,0.0
47,0,2,955,2,4,2,1,4,0,83,3,2,4,2,4163,8571,1,1,17,3,3,0,9,0,3,9,0,0,7,44885,8326,81,2,0,1387.6666666666667,0.9,3,0.0,0.0,0.0,0.0,1.0,0.0,0.0,0.0
48,0,2,1224,1,10,3,1,4,1,91,2,5,2,1,19665,13583,4,0,12,3,4,0,29,3,3,22,10,12,9,58752,98325,638,2,2,3277.5,0.7333333333333333,0,0.0,-1.0,0.0,0.0,0.0,0.0,0.0,0.0
35,0,2,672,1,25,3,5,4,1,78,2,3,2,1,10903,9129,3,0,16,3,1,0,16,2,3,13,10,4,8,23520,32709,208,1,2,2725.75,0.7647058823529411,0,0.0,0.0,0.0,1.0,0.0,0.0,0.0,0.0
26,1,1,426,0,17,4,1,2,0,58,3,1,3,0,2741,22808,0,1,11,3,2,1,8,2,2,7,7,1,0,11076,2741,56,0,0,1370.5,0.7777777777777778,2,0.0,0.0,1.0,0.0,0.0,0.0,0.0,0.0
32,0,2,1018,1,3,2,1,3,0,39,3,3,4,2,11159,19373,3,0,15,3,4,0,10,6,3,7,7,7,7,32576,33477,70,1,2,2789.75,0.6363636363636364,0,0.0,-1.0,0.0,0.0,0.0,0.0,0.0,0.0
35,0,2,528,0,8,4,5,3,1,100,3,1,3,2,4323,7108,1,0,17,3,2,0,6,2,1,5,4,1,4,18480,4323,30,1,0,2161.5,0.7142857142857143,0,0.0,0.0,1.0,0.0,0.0,0.0,0.0,0.0
39,1,0,592,1,2,3,1,1,0,54,2,1,1,2,3646,17181,2,1,23,4,2,0,11,2,4,1,0,0,0,23088,3646,11,1,0,1823.0,0.08333333333333333,4,0.0,0.0,1.0,0.0,0.0,0.0,0.0,0.0
40,0,1,791,1,2,2,3,3,0,38,4,2,2,1,4244,9931,1,0,24,4,4,1,8,2,3,8,7,3,7,31640,8488,64,1,0,1414.6666666666667,0.8888888888888888,0,0.0,0.0,0.0,0.0,0.0,1.0,0.0,0.0
30,0,2,1465,1,1,3,3,4,1,63,3,1,2,1,3579,9369,0,1,21,4,1,1,12,2,3,11,9,5,7,43950,3579,132,0,0,1789.5,0.8461538461538461,3,1.0,0.0,0.0,0.0,0.0,0.0,0.0,0.0
40,0,2,107,2,10,3,5,2,0,84,2,2,2,0,6852,11591,7,0,12,3,2,1,7,2,4,5,1,1,3,4280,13704,35,1,1,2284.0,0.625,0,0.0,0.0,0.0,0.0,1.0,0.0,0.0,0.0
26,0,2,192,1,1,2,3,1,1,59,2,1,1,1,3955,11141,1,0,16,3,1,2,6,2,3,5,3,1,3,4992,3955,30,0,0,1977.5,0.7142857142857143,0,0.0,0.0,1.0,0.0,0.0,0.0,0.0,0.0
21,0,0,895,2,9,2,3,1,1,39,3,1,4,2,2610,2851,1,0,24,4,3,0,3,3,2,3,2,2,2,18795,2610,9,0,0,1305.0,0.75,0,0.0,0.0,0.0,0.0,0.0,-1.0,0.0,0.0
36,0,2,913,1,9,2,3,2,1,48,2,2,2,0,8847,13934,2,1,11,3,3,1,13,2,3,3,2,0,2,32868,17694,39,1,2,2949.0,0.21428571428571427,3,0.0,0.0,0.0,1.0,0.0,0.0,0.0,0.0
28,0,0,1103,1,16,3,3,3,1,49,3,1,3,2,2144,2122,1,0,14,3,3,0,5,3,2,5,3,1,4,30884,2144,25,0,0,1072.0,0.8333333333333334,0,1.0,0.0,0.0,0.0,0.0,0.0,0.0,0.0
28,1,1,289,1,2,2,3,3,1,38,2,1,1,2,2561,5355,7,0,11,3,3,0,8,2,2,0,0,0,0,8092,2561,0,0,0,1280.5,0.0,0,0.0,0.0,1.0,0.0,0.0,0.0,0.0,0.0
21,1,2,337,2,7,1,2,2,1,31,3,1,2,2,2679,4567,1,0,13,3,2,0,1,3,3,1,0,1,0,7077,2679,1,0,0,1339.5,0.5,0,0.0,0.0,0.0,0.0,0.0,-1.0,0.0,0.0
40,0,2,555,1,2,3,3,2,0,78,2,2,3,1,3448,13436,6,0,22,4,2,1,20,3,3,1,0,0,0,22200,6896,20,1,0,1149.3333333333333,0.047619047619047616,0,0.0,0.0,1.0,0.0,0.0,0.0,0.0,0.0
33,0,1,970,2,7,3,1,4,0,30,3,2,2,1,4302,13401,0,0,17,3,3,1,4,3,3,3,2,0,2,32010,8604,12,1,0,1434.0,0.6,0,0.0,0.0,0.0,0.0,1.0,0.0,0.0,0.0
42,0,2,1142,1,8,3,1,4,1,81,3,1,3,2,3968,13624,4,0,13,3,4,0,8,3,3,0,0,0,0,47964,3968,0,2,0,1984.0,0.0,0,0.0,0.0,1.0,0.0,0.0,0.0,0.0,0.0
50,0,1,809,2,12,3,2,3,0,77,3,3,4,2,9208,6645,4,0,11,3,4,0,16,3,3,2,2,2,1,40450,27624,32,2,2,2302.0,0.11764705882352941,0,0.0,0.0,0.0,0.0,1.0,0.0,0.0,0.0
46,0,2,644,1,1,4,3,4,1,97,3,3,1,0,9396,12368,7,0,16,3,3,1,17,3,3,4,2,0,3,29624,28188,68,2,2,2349.0,0.2222222222222222,0,0.0,0.0,0.0,0.0,0.0,1.0,0.0,0.0
20,1,2,1362,1,10,1,3,4,1,32,3,1,3,2,1009,26999,1,1,11,3,4,0,1,5,3,1,0,1,1,27240,1009,1,0,0,504.5,0.5,3,1.0,0.0,0.0,0.0,0.0,0.0,0.0,0.0
45,0,2,374,2,20,3,1,4,0,50,3,2,3,2,4850,23333,8,0,15,3,3,0,8,3,3,5,3,0,1,16830,9700,40,2,0,1616.6666666666667,0.5555555555555556,0,0.0,0.0,0.0,0.0,1.0,0.0,0.0,0.0
29,1,2,350,0,13,3,0,1,1,56,2,1,1,0,2335,3157,4,1,15,3,4,3,4,3,3,2,2,2,0,10150,2335,8,0,0,1167.5,0.4,3,0.0,0.0,1.0,0.0,0.0,0.0,0.0,0.0
32,0,2,1018,1,2,4,3,1,0,74,4,2,4,2,5055,10557,7,0,16,3,3,0,10,0,2,7,7,0,7,32576,10110,70,1,1,1685.0,0.6363636363636364,0,1.0,0.0,0.0,0.0,0.0,0.0,0.0,0.0
35,0,2,619,2,1,3,2,2,1,85,3,2,3,1,4717,18659,9,0,11,3,3,0,15,2,3,11,9,6,9,21665,9434,165,1,0,1572.3333333333333,0.6875,0,0.0,0.0,0.0,0.0,1.0,0.0,0.0,0.0
42,0,2,622,1,2,4,1,3,0,81,3,2,4,1,4089,5718,1,0,13,3,2,2,10,4,3,10,2,2,2,26124,8178,100,2,0,1363.0,0.9090909090909091,0,0.0,0.0,0.0,0.0,0.0,1.0,0.0,0.0
37,1,1,504,1,10,3,3,1,1,61,3,3,3,0,10048,22573,6,0,11,3,2,2,17,5,3,1,0,0,0,18648,30144,17,1,2,2512.0,0.05555555555555555,0,0.0,0.0,0.0,1.0,0.0,0.0,0.0,0.0
40,0,2,750,1,12,3,1,2,0,47,3,2,1,0,4448,10748,2,0,12,3,2,1,15,3,3,7,4,7,7,30000,8896,105,1,0,1482.6666666666667,0.4375,0,0.0,0.0,0.0,0.0,0.0,1.0,0.0,0.0
56,1,2,1162,1,24,2,1,1,1,97,3,1,4,2,2587,10261,1,0,16,3,4,0,5,3,3,4,2,1,0,65072,2587,20,3,0,1293.5,0.6666666666666666,0,0.0,0.0,1.0,0.0,0.0,0.0,0.0,0.0
34,0,1,1069,1,2,1,1,4,1,45,2,2,3,1,9547,14074,1,0,17,3,3,0,10,2,2,10,9,1,9,36346,19094,100,1,2,3182.3333333333335,0.9090909090909091,0,0.0,0.0,0.0,1.0,0.0,0.0,0.0,0.0
31,0,2,480,1,7,2,3,2,0,31,3,2,1,1,4306,4156,1,0,12,3,2,1,13,5,1,13,10,3,12,14880,8612,169,1,0,1435.3333333333333,0.9285714285714286,0,0.0,0.0,0.0,1.0,0.0,0.0,0.0,0.0
39,0,1,1218,1,1,1,1,2,1,52,3,5,3,0,19197,8213,1,1,14,3,3,1,21,3,3,21,8,1,6,47502,95985,441,1,2,3199.5,0.9545454545454546,3,0.0,1.0,0.0,0.0,0.0,0.0,0.0,0.0
34,0,2,479,1,7,4,3,1,1,35,3,1,4,2,2972,22061,1,0,13,3,3,0,1,4,1,1,0,0,0,16286,2972,1,1,0,1486.0,0.5,0,1.0,0.0,0.0,0.0,0.0,0.0,0.0,0.0
30,0,2,153,1,8,2,1,2,0,73,4,3,1,1,11416,17802,0,1,12,3,3,3,9,4,2,8,7,1,7,4590,34248,72,0,2,2854.0,0.8,2,0.0,-1.0,0.0,0.0,0.0,0.0,0.0,0.0
52,0,1,322,1,28,2,3,4,0,59,4,4,3,1,13247,9731,2,1,11,3,2,1,24,3,2,5,3,0,2,16744,52988,120,3,2,2649.4,0.2,2,0.0,0.0,0.0,1.0,0.0,0.0,0.0,0.0
37,0,2,482,1,3,3,4,3,1,36,3,3,3,1,9434,9606,1,0,15,3,3,1,10,2,3,10,7,7,8,17834,28302,100,1,2,2358.5,0.9090909090909091,0,0.0,0.0,0.0,1.0,0.0,0.0,0.0,0.0
32,0,2,638,1,8,2,3,3,0,91,4,2,3,1,5175,22162,5,0,12,3,3,1,9,3,2,5,3,1,3,20416,10350,45,1,1,1725.0,0.5,0,1.0,0.0,0.0,0.0,0.0,0.0,0.0,0.0
33,0,2,392,2,2,4,3,4,1,93,3,2,4,0,5505,3921,1,0,14,3,3,2,6,5,3,6,2,0,4,12936,11010,36,1,1,1835.0,0.8571428571428571,0,0.0,0.0,0.0,0.0,1.0,0.0,0.0,0.0
18,1,0,247,1,8,1,3,3,1,80,3,1,3,2,1904,13556,1,0,12,3,4,0,0,0,3,0,0,0,0,4446,1904,0,0,0,952.0,0.0,0,0.0,0.0,1.0,0.0,0.0,0.0,0.0,0.0
33,1,2,465,1,2,2,1,1,0,39,3,1,1,1,2707,21509,7,0,20,4,1,0,13,3,4,9,7,1,7,15345,2707,117,1,0,1353.5,0.6428571428571429,0,0.0,0.0,1.0,0.0,0.0,0.0,0.0,0.0
33,0,0,1313,1,1,2,3,2,1,59,2,1,3,0,2008,20439,1,0,12,3,3,3,1,2,2,1,1,0,0,43329,2008,1,1,0,1004.0,0.5,0,0.0,0.0,1.0,0.0,0.0,0.0,0.0,0.0
30,0,1,1012,1,5,4,1,2,1,75,2,1,4,0,3761,2373,9,0,12,3,2,1,10,3,2,5,4,0,3,30360,3761,50,0,0,1880.5,0.45454545454545453,0,1.0,0.0,0.0,0.0,0.0,0.0,0.0,0.0
36,0,2,164,2,2,2,3,2,1,61,2,3,3,1,7596,3809,1,0,13,3,2,2,10,2,3,10,9,9,0,5904,22788,100,1,1,1899.0,0.9090909090909091,0,0.0,0.0,0.0,0.0,1.0,0.0,0.0,0.0
40,0,1,692,1,11,3,5,4,0,73,3,2,3,1,6323,26849,1,0,11,3,1,1,10,2,4,10,9,9,4,27680,12646,100,1,1,2107.6666666666665,0.9090909090909091,0,0.0,0.0,1.0,0.0,0.0,0.0,0.0,0.0
27,0,0,691,1,9,3,3,4,1,57,3,1,2,0,2024,5970,6,0,18,3,4,1,6,1,1,2,2,2,2,18657,2024,12,0,0,1012.0,0.2857142857142857,0,1.0,0.0,0.0,0.0,0.0,0.0,0.0,0.0
48,0,2,715,1,1,3,1,4,1,76,2,5,4,2,18265,8733,6,0,12,3,3,0,25,3,4,1,0,0,0,34320,91325,25,2,2,3044.1666666666665,0.038461538461538464,0,0.0,-1.0,0.0,0.0,0.0,0.0,0.0,0.0
37,0,2,589,2,9,2,2,2,1,46,2,2,2,1,4189,8800,1,0,14,3,1,2,5,2,3,5,2,0,3,21793,8378,25,1,0,1396.3333333333333,0.8333333333333334,0,0.0,0.0,0.0,0.0,1.0,0.0,0.0,0.0
50,0,2,328,1,1,3,3,3,1,86,2,1,3,1,3690,3425,2,0,15,3,4,1,5,2,2,3,2,0,2,16400,3690,15,2,0,1845.0,0.5,0,0.0,0.0,1.0,0.0,0.0,0.0,0.0,0.0
26,0,2,991,1,6,3,1,3,0,71,3,1,4,1,2659,17759,1,1,13,3,3,1,3,2,3,3,2,0,2,25766,2659,9,0,0,1329.5,0.75,3,0.0,0.0,1.0,0.0,0.0,0.0,0.0,0.0
42,0,2,201,1,1,4,1,2,0,95,3,1,1,0,2576,20490,3,0,16,3,2,1,8,5,3,5,2,1,2,8442,2576,40,2,0,1288.0,0.5555555555555556,0,0.0,0.0,1.0,0.0,0.0,0.0,0.0,0.0
26,0,2,1066,1,2,2,3,4,1,32,4,2,4,1,5472,3334,1,0,12,3,2,0,8,2,3,8,7,1,3,27716,10944,64,0,1,1824.0,0.8888888888888888,0,0.0,0.0,0.0,1.0,0.0,0.0,0.0,0.0
25,0,2,1280,1,7,1,3,4,1,64,2,1,4,1,2889,26897,1,0,11,3,3,2,2,2,3,2,2,2,1,32000,2889,4,0,0,1444.5,0.6666666666666666,0,1.0,0.0,0.0,0.0,0.0,0.0,0.0,0.0
50,1,1,562,2,8,2,5,2,1,50,3,2,3,1,6796,23452,3,1,14,3,1,1,18,4,3,4,3,1,3,28100,13592,72,2,1,2265.3333333333335,0.21052631578947367,3,0.0,0.0,0.0,0.0,1.0,0.0,0.0,0.0
40,0,1,1469,1,9,4,3,4,1,35,3,1,2,0,3617,25063,8,1,14,3,4,1,3,2,3,1,1,0,0,58760,3617,3,1,0,1808.5,0.25,3,1.0,0.0,0.0,0.0,0.0,0.0,0.0,0.0
40,0,2,898,0,6,2,3,3,1,38,3,4,4,2,16437,17381,1,1,21,4,4,0,21,2,3,21,7,7,7,35920,65748,441,1,2,3287.4,0.9545454545454546,3,0.0,1.0,0.0,0.0,0.0,0.0,0.0,0.0
51,0,1,1456,1,1,4,3,1,0,30,2,3,1,2,7484,25796,3,0,20,4,3,0,23,1,2,13,12,12,8,74256,22452,299,3,1,1871.0,0.5416666666666666,0,0.0,0.0,0.0,0.0,0.0,1.0,0.0,0.0
28,1,2,654,1,1,2,1,1,0,67,1,1,2,2,2216,3872,7,1,13,3,4,0,10,4,3,7,7,3,7,18312,2216,70,0,0,1108.0,0.6363636363636364,3,1.0,0.0,0.0,0.0,0.0,0.0,0.0,0.0
40,0,1,1184,2,2,4,3,2,1,62,3,2,2,1,4327,25440,5,0,12,3,4,3,5,2,3,0,0,0,0,47360,8654,0,1,0,1442.3333333333333,0.0,0,0.0,0.0,0.0,0.0,1.0,0.0,0.0,0.0
46,0,2,1003,1,8,4,1,4,0,74,2,2,1,0,4615,21029,8,1,23,4,1,3,19,2,3,16,13,1,7,46138,9230,304,2,0,1538.3333333333333,0.8,3,1.0,0.0,0.0,0.0,0.0,0.0,0.0,0.0
40,0,2,523,1,2,3,1,3,1,98,3,2,4,2,4661,22455,1,0,13,3,3,0,9,4,3,9,8,8,8,20920,9322,81,1,0,1553.6666666666667,0.9,0,1.0,0.0,0.0,0.0,0.0,0.0,0.0,0.0
33,0,2,1069,1,1,3,1,2,0,42,2,2,4,2,6949,12291,0,0,14,3,1,0,6,3,3,5,0,1,4,35277,13898,30,1,1,2316.3333333333335,0.7142857142857143,0,0.0,0.0,0.0,0.0,0.0,1.0,0.0,0.0
53,0,2,1219,2,2,4,1,1,0,78,2,4,4,1,15427,22021,2,0,16,3,3,0,31,3,3,25,8,3,7,64607,61708,775,3,2,3085.4,0.78125,0,0.0,1.0,0.0,0.0,0.0,0.0,0.0,0.0
30,0,2,202,2,2,1,5,3,1,72,3,1,2,1,2476,17434,1,0,18,3,1,1,1,3,3,1,0,0,0,6060,2476,1,0,0,1238.0,0.5,0,0.0,0.0,0.0,0.0,0.0,-1.0,0.0,0.0
40,0,2,1342,2,9,2,3,1,1,47,3,2,1,1,5473,19345,0,0,12,3,4,0,9,5,4,8,4,7,1,53680,10946,72,1,1,1824.3333333333333,0.8,0,0.0,0.0,0.0,0.0,1.0,0.0,0.0,0.0
39,0,1,505,1,2,4,5,3,0,64,3,3,3,2,10938,6420,0,0,25,4,4,0,20,1,3,19,6,11,8,19695,32814,380,1,2,2734.5,0.9047619047619048,0,0.0,0.0,0.0,0.0,0.0,1.0,0.0,0.0
26,0,2,157,1,1,3,3,3,1,95,3,1,1,2,2867,20006,0,0,13,3,4,0,8,6,2,7,7,7,6,4082,2867,56,0,0,1433.5,0.7777777777777778,0,0.0,0.0,1.0,0.0,0.0,0.0,0.0,0.0
52,0,2,1323,1,2,3,1,3,0,89,2,1,4,2,3212,3300,7,0,15,3,2,0,6,3,2,2,2,2,2,68796,3212,12,3,0,1606.0,0.2857142857142857,0,0.0,0.0,1.0,0.0,0.0,0.0,0.0,0.0
31,0,0,697,1,10,3,3,3,0,40,3,3,3,1,11031,26862,4,0,20,4,3,1,13,2,4,11,7,4,8,21607,33093,143,1,2,2757.75,0.7857142857142857,0,0.0,-1.0,0.0,0.0,0.0,0.0,0.0,0.0
36,0,2,1299,1,27,3,3,3,1,94,3,2,3,1,5237,16577,6,0,13,3,2,2,17,3,2,7,7,7,7,46764,10474,119,1,1,1745.6666666666667,0.3888888888888889,0,0.0,0.0,0.0,0.0,0.0,1.0,0.0,0.0
38,0,1,693,1,7,3,1,4,1,57,4,1,3,0,2610,15748,1,0,11,3,4,3,4,2,3,4,2,0,3,26334,2610,16,1,0,1305.0,0.8,0,1.0,0.0,0.0,0.0,0.0,0.0,0.0,0.0
42,0,0,495,1,2,1,1,3,1,37,3,4,3,1,17861,26582,0,1,13,3,4,0,21,3,2,20,8,2,10,20790,71444,420,2,2,3572.2,0.9090909090909091,2,0.0,1.0,0.0,0.0,0.0,0.0,0.0,0.0
38,0,2,433,0,1,3,0,3,1,37,4,1,3,1,2844,6004,1,0,13,3,4,1,7,2,4,7,6,5,0,16454,2844,49,1,0,1422.0,0.875,0,0.0,0.0,1.0,0.0,0.0,0.0,0.0,0.0
39,0,2,1383,0,2,3,1,4,0,42,2,2,4,1,5204,7790,8,0,11,3,3,2,13,2,3,5,4,0,4,53937,10408,65,1,1,1734.6666666666667,0.35714285714285715,0,0.0,0.0,1.0,0.0,0.0,0.0,0.0,0.0
22,1,2,391,1,7,1,1,4,1,75,3,1,2,2,2472,26092,1,1,23,4,1,0,1,2,3,1,0,0,0,8602,2472,1,0,0,1236.0,0.5,3,1.0,0.0,0.0,0.0,0.0,0.0,0.0,0.0
24,1,2,240,0,22,1,0,4,1,58,1,1,3,1,1555,11585,1,0,11,3,3,1,1,2,3,1,0,0,0,5760,1555,1,0,0,777.5,0.5,0,0.0,0.0,1.0,0.0,0.0,0.0,0.0,0.0
47,0,2,202,1,2,2,4,3,0,33,3,4,4,1,16752,12982,1,1,11,3,3,1,26,3,2,26,14,3,0,9494,67008,676,2,2,3350.4,0.9629629629629629,2,0.0,1.0,0.0,0.0,0.0,0.0,0.0,0.0
44,0,2,661,1,9,2,1,2,1,61,3,1,1,1,2559,7508,1,1,13,3,4,0,8,0,3,8,7,7,1,29084,2559,64,2,0,1279.5,0.8888888888888888,3,1.0,0.0,0.0,0.0,0.0,0.0,0.0,0.0
46,0,2,566,1,7,2,3,4,1,75,3,3,3,0,10845,24208,6,0,13,3,2,1,13,3,3,8,7,0,7,26036,32535,104,2,2,2711.25,0.5714285714285714,0,0.0,0.0,0.0,1.0,0.0,0.0,0.0,0.0
34,1,1,988,0,23,3,0,2,0,43,3,3,1,0,9950,11533,9,1,15,3,3,3,11,2,3,3,2,0,2,33592,29850,33,1,2,2487.5,0.25,3,0.0,0.0,1.0,0.0,0.0,0.0,0.0,0.0
40,1,0,1479,2,24,3,1,2,0,100,4,4,2,2,13194,17071,4,1,16,3,4,0,22,2,2,1,0,0,0,59160,52776,22,1,2,2638.8,0.043478260869565216,2,0.0,0.0,0.0,0.0,1.0,0.0,0.0,0.0
30,0,2,1288,2,29,4,5,3,1,33,3,3,2,1,9250,17799,3,0,12,3,2,1,9,3,3,4,2,1,3,38640,27750,36,0,2,2312.5,0.4,0,0.0,0.0,0.0,0.0,1.0,0.0,0.0,0.0
49,0,2,527,1,8,2,4,1,0,51,3,3,2,1,7403,22477,4,0,11,3,3,1,29,3,2,26,9,1,7,25823,22209,754,2,1,1850.75,0.8666666666666667,0,0.0,0.0,1.0,0.0,0.0,0.0,0.0,0.0
55,0,2,685,2,26,5,2,3,1,60,2,5,4,1,19586,23037,1,0,21,4,3,1,36,3,3,36,6,2,13,37675,97930,1296,3,2,3264.3333333333335,0.972972972972973,0,0.0,1.0,0.0,0.0,0.0,0.0,0.0,0.0
30,1,1,334,2,26,4,2,3,0,52,2,2,1,2,6696,22967,5,0,15,3,3,0,9,5,2,6,3,0,1,10020,13392,54,0,1,2232.0,0.6,0,0.0,0.0,0.0,0.0,1.0,0.0,0.0,0.0
40,0,1,1395,1,26,3,3,2,0,54,3,2,2,0,5605,8504,1,0,11,3,1,1,20,2,3,20,7,2,13,55800,11210,400,1,1,1868.3333333333333,0.9523809523809523,0,1.0,0.0,0.0,0.0,0.0,0.0,0.0,0.0
27,0,0,1450,1,3,3,3,3,1,79,2,1,3,0,2566,25326,1,1,15,3,4,1,1,2,2,1,1,0,1,39150,2566,1,0,0,1283.0,0.5,2,1.0,0.0,0.0,0.0,0.0,0.0,0.0,0.0
32,0,2,548,1,1,3,1,2,1,66,3,2,2,1,6220,7346,1,0,17,3,2,2,10,3,3,10,4,0,9,17536,12440,100,1,1,2073.3333333333335,0.9090909090909091,0,1.0,0.0,0.0,0.0,0.0,0.0,0.0,0.0
53,0,2,661,2,7,2,2,1,0,78,2,3,4,1,10934,20715,7,1,18,3,4,1,35,3,3,5,2,0,4,35033,32802,175,3,2,2733.5,0.1388888888888889,3,0.0,0.0,0.0,0.0,1.0,0.0,0.0,0.0
27,0,2,1354,1,2,4,5,2,1,41,3,1,2,1,2226,6073,1,0,11,3,3,1,6,3,2,5,3,1,2,36558,2226,30,0,0,1113.0,0.7142857142857143,0,1.0,0.0,0.0,0.0,0.0,0.0,0.0,0.0
31,0,2,828,2,2,1,1,2,1,77,3,2,4,2,6582,8346,4,1,13,3,3,0,10,2,4,6,5,0,5,25668,13164,60,1,1,2194.0,0.5454545454545454,4,0.0,0.0,0.0,0.0,1.0,0.0,0.0,0.0
36,0,2,325,1,10,4,5,4,0,63,3,3,3,1,7094,5747,3,0,12,3,1,0,10,0,3,7,7,1,7,11700,21282,70,1,1,1773.5,0.6363636363636364,0,0.0,0.0,0.0,0.0,0.0,1.0,0.0,0.0
35,1,2,763,2,15,2,3,1,1,59,1,2,4,0,5440,22098,6,1,14,3,4,2,7,2,2,2,2,2,2,26705,10880,14,1,1,1813.3333333333333,0.25,2,0.0,0.0,0.0,0.0,1.0,0.0,0.0,0.0
42,0,2,557,1,18,4,1,4,1,35,3,2,1,0,5410,11189,6,1,17,3,3,1,9,3,2,4,3,1,2,23394,10820,36,2,1,1803.3333333333333,0.4,2,1.0,0.0,0.0,0.0,0.0,0.0,0.0,0.0
41,0,2,918,2,6,3,2,4,1,35,3,3,3,2,9241,15869,1,0,12,3,2,0,10,3,3,10,8,8,7,37638,27723,100,2,2,2310.25,0.9090909090909091,0,0.0,0.0,0.0,0.0,1.0,0.0,0.0,0.0
45,1,1,306,2,26,4,1,1,0,100,3,2,1,1,4286,5630,2,0,14,3,4,2,5,4,3,1,1,0,0,13770,8572,5,2,0,1428.6666666666667,0.16666666666666666,0,0.0,0.0,0.0,0.0,1.0,0.0,0.0,0.0
38,0,1,888,0,10,4,0,3,1,71,3,2,3,1,6077,14814,3,0,11,3,3,0,10,2,3,6,3,1,2,33744,12154,60,1,1,2025.6666666666667,0.5454545454545454,0,0.0,0.0,1.0,0.0,0.0,0.0,0.0,0.0
32,0,1,379,2,5,2,1,2,1,48,3,2,2,1,6524,8891,1,0,14,3,4,1,10,3,3,10,8,5,3,12128,13048,100,1,1,2174.6666666666665,0.9090909090909091,0,0.0,0.0,0.0,0.0,1.0,0.0,0.0,0.0
38,0,2,1153,1,6,2,4,4,0,40,2,1,3,1,3702,16376,1,0,11,3,2,1,5,3,3,5,4,0,4,43814,3702,25,1,0,1851.0,0.8333333333333334,0,0.0,0.0,1.0,0.0,0.0,0.0,0.0,0.0
26,0,2,572,2,10,3,3,3,1,46,3,2,4,2,4684,9125,1,0,13,3,1,0,5,4,3,5,3,1,2,14872,9368,25,0,0,1561.3333333333333,0.8333333333333334,0,0.0,0.0,0.0,0.0,1.0,0.0,0.0,0.0
41,1,2,1102,2,1,2,1,2,0,94,3,2,4,2,5993,19479,8,1,11,3,1,0,8,0,1,6,4,0,5,45182,11986,48,2,1,1997.6666666666667,0.6666666666666666,1,0.0,0.0,0.0,0.0,1.0,0.0,0.0,0.0
37,0,2,342,2,16,4,2,4,1,66,2,2,3,0,6334,24558,4,0,19,3,4,2,9,2,3,1,0,0,0,12654,12668,9,1,1,2111.3333333333335,0.1,0,0.0,0.0,0.0,0.0,1.0,0.0,0.0,0.0
29,0,2,332,0,17,3,4,2,1,51,2,3,1,2,7988,9769,1,0,13,3,1,0,10,3,2,10,9,0,9,9628,23964,100,0,1,1997.0,0.9090909090909091,0,0.0,0.0,1.0,0.0,0.0,0.0,0.0,0.0
44,0,2,1315,1,3,4,4,4,1,35,3,5,4,1,19513,9358,4,1,12,3,1,1,26,2,4,2,2,0,1,57860,97565,52,2,2,3252.1666666666665,0.07407407407407407,4,0.0,1.0,0.0,0.0,0.0,0.0,0.0,0.0
31,1,2,1079,2,16,4,2,1,1,70,3,3,3,1,8161,19002,2,0,13,3,1,3,10,2,3,1,0,0,0,33449,24483,10,1,1,2040.25,0.09090909090909091,0,0.0,0.0,0.0,0.0,1.0,0.0,0.0,0.0
48,1,2,626,1,1,2,1,1,1,98,2,3,3,2,5381,19294,9,1,13,3,4,0,23,2,3,1,0,0,0,30048,16143,23,2,1,1345.25,0.041666666666666664,3,0.0,0.0,1.0,0.0,0.0,0.0,0.0,0.0
32,0,2,929,2,10,3,2,4,1,55,3,2,4,2,5396,21703,1,0,12,3,4,0,10,2,2,10,7,0,8,29728,10792,100,1,1,1798.6666666666667,0.9090909090909091,0,0.0,0.0,0.0,0.0,1.0,0.0,0.0,0.0
56,0,0,667,1,1,4,1,3,1,57,3,2,3,0,6306,26236,1,0,21,4,1,1,13,2,2,13,12,1,9,37352,12612,169,3,1,2102.0,0.9285714285714286,0,0.0,0.0,0.0,0.0,0.0,1.0,0.0,0.0
36,0,2,363,1,1,3,5,3,0,77,1,3,1,0,10252,4235,2,1,21,4,3,1,17,2,3,7,7,7,7,13068,30756,119,1,2,2563.0,0.3888888888888889,3,0.0,0.0,0.0,1.0,0.0,0.0,0.0,0.0
19,1,0,504,1,10,3,3,1,0,96,2,1,2,2,1859,6148,1,1,25,4,2,0,1,2,4,1,1,0,0,9576,1859,1,0,0,929.5,0.5,4,1.0,0.0,0.0,0.0,0.0,0.0,0.0,0.0
24,0,2,581,1,9,3,3,3,1,62,4,1,3,1,4401,17616,1,0,16,3,4,1,5,1,3,5,3,0,4,13944,4401,25,0,0,2200.5,0.8333333333333334,0,1.0,0.0,0.0,0.0,0.0,0.0,0.0,0.0
36,0,0,1434,2,8,4,1,1,1,76,2,3,1,2,7587,14229,1,0,15,3,2,0,10,1,3,10,7,0,9,51624,22761,100,1,1,1896.75,0.9090909090909091,0,0.0,0.0,0.0,0.0,1.0,0.0,0.0,0.0
25,0,2,1372,2,18,1,1,1,1,93,4,2,3,1,6232,12477,2,0,11,3,2,0,6,3,2,3,2,1,2,34300,12464,18,0,1,2077.3333333333335,0.42857142857142855,0,0.0,0.0,0.0,0.0,1.0,0.0,0.0,0.0
29,0,2,352,0,6,1,3,4,1,87,2,1,2,1,2804,15434,1,0,11,3,4,0,1,3,3,1,0,0,0,10208,2804,1,0,0,1402.0,0.5,0,0.0,0.0,1.0,0.0,0.0,0.0,0.0,0.0
36,0,2,132,1,6,3,1,2,0,55,4,1,4,1,3038,22002,3,0,12,3,2,0,5,3,3,1,0,0,0,4752,3038,5,1,0,1519.0,0.16666666666666666,0,0.0,0.0,1.0,0.0,0.0,0.0,0.0,0.0
29,0,2,1090,2,10,3,2,4,1,83,3,1,2,0,2297,17967,1,0,14,3,4,2,2,2,3,2,2,2,2,31610,2297,4,0,0,1148.5,0.6666666666666666,0,0.0,0.0,0.0,0.0,0.0,-1.0,0.0,0.0
24,0,2,1353,2,3,2,4,1,0,33,3,2,3,1,4999,17519,0,0,21,4,1,1,4,2,2,3,2,0,2,32472,9998,12,0,1,1666.3333333333333,0.6,0,0.0,0.0,0.0,0.0,1.0,0.0,0.0,0.0
32,0,2,267,1,29,4,1,3,0,49,2,1,2,2,2837,15919,1,0,13,3,3,0,6,3,3,6,2,4,1,8544,2837,36,1,0,1418.5,0.8571428571428571,0,0.0,0.0,1.0,0.0,0.0,0.0,0.0,0.0
39,0,0,105,1,9,3,1,4,1,87,3,5,4,2,19431,15302,2,0,13,3,3,0,21,3,2,6,0,1,3,4095,97155,126,1,2,3238.5,0.2727272727272727,0,0.0,1.0,0.0,0.0,0.0,0.0,0.0,0.0
41,0,2,1206,2,23,2,1,4,1,80,3,3,3,2,7082,11591,3,1,16,3,4,0,21,2,3,2,0,0,2,49446,21246,42,2,1,1770.5,0.09090909090909091,3,0.0,0.0,0.0,0.0,1.0,0.0,0.0,0.0
46,0,2,1450,1,15,2,1,4,1,52,3,5,2,1,19081,10849,5,0,11,3,1,1,25,2,3,4,2,0,3,66700,95405,100,2,2,3180.1666666666665,0.15384615384615385,0,0.0,-1.0,0.0,0.0,0.0,0.0,0.0,0.0
29,1,2,318,1,8,4,4,2,1,77,1,1,1,1,2119,4759,1,1,11,3,4,0,7,4,2,7,7,0,7,9222,2119,49,0,0,1059.5,0.875,2,0.0,0.0,1.0,0.0,0.0,0.0,0.0,0.0
31,1,1,534,1,20,3,1,1,1,66,3,3,3,1,9824,22908,3,0,12,3,1,0,12,2,3,1,0,0,0,16554,29472,12,1,2,2456.0,0.07692307692307693,0,0.0,0.0,0.0,0.0,0.0,1.0,0.0,0.0
47,0,2,571,2,14,3,3,3,0,78,3,2,3,1,4591,24200,3,1,17,3,3,1,11,4,2,5,4,1,2,26837,9182,55,2,0,1530.3333333333333,0.4166666666666667,2,0.0,0.0,0.0,0.0,1.0,0.0,0.0,0.0
28,1,2,890,1,2,4,3,3,1,46,3,1,3,2,4382,16374,6,0,17,3,4,0,5,3,2,2,2,2,1,24920,4382,10,0,0,2191.0,0.3333333333333333,0,1.0,0.0,0.0,0.0,0.0,0.0,0.0,0.0
44,0,0,489,1,23,3,3,2,1,67,3,2,2,1,2042,25043,4,0,12,3,3,1,17,3,4,3,2,1,2,21516,4084,51,2,0,680.6666666666666,0.16666666666666666,0,0.0,0.0,1.0,0.0,0.0,0.0,0.0,0.0
39,1,2,1122,1,6,3,3,4,1,70,3,1,1,1,2404,4303,7,1,21,4,4,0,8,2,1,2,2,2,2,43758,2404,16,1,0,1202.0,0.2222222222222222,1,0.0,0.0,1.0,0.0,0.0,0.0,0.0,0.0
30,0,0,829,1,1,1,1,3,1,88,2,3,3,2,8474,20925,1,0,22,4,3,0,12,2,3,11,8,5,8,24870,25422,132,0,2,2118.5,0.8461538461538461,0,0.0,0.0,0.0,1.0,0.0,0.0,0.0,0.0
59,0,2,818,0,6,2,3,2,1,52,3,1,3,1,2267,25657,8,0,17,3,4,0,7,2,2,2,2,2,2,48262,2267,14,3,0,1133.5,0.25,0,0.0,0.0,1.0,0.0,0.0,0.0,0.0,0.0
28,0,2,895,1,15,2,1,1,1,50,3,1,3,0,2207,22482,1,0,16,3,4,1,4,5,2,4,2,2,2,25060,2207,16,0,0,1103.5,0.8,0,0.0,0.0,1.0,0.0,0.0,0.0,0.0,0.0
39,0,0,439,1,9,3,1,3,1,70,3,2,2,2,6782,8770,9,0,15,3,3,0,9,2,2,5,4,0,3,17121,13564,45,1,1,2260.6666666666665,0.5,0,0.0,0.0,1.0,0.0,0.0,0.0,0.0,0.0
50,0,2,316,2,8,4,2,4,1,54,3,1,2,1,3875,9983,7,0,15,3,4,1,4,2,3,2,2,2,2,15800,3875,8,2,0,1937.5,0.4,0,0.0,0.0,0.0,0.0,0.0,-1.0,0.0,0.0
44,0,2,1448,2,28,3,3,4,0,53,4,4,4,1,13320,11737,3,1,18,3,3,1,23,2,3,12,11,11,11,63712,53280,276,2,2,2664.0,0.5,3,0.0,0.0,0.0,0.0,1.0,0.0,0.0,0.0
33,1,1,827,1,29,4,3,1,0,54,2,2,3,2,4508,3129,1,0,22,4,2,0,14,4,3,13,7,3,8,27291,9016,182,1,0,1502.6666666666667,0.8666666666666667,0,1.0,0.0,0.0,0.0,0.0,0.0,0.0,0.0
50,0,2,1452,1,11,3,1,3,0,53,3,5,2,2,19926,17053,3,0,15,3,2,0,21,5,3,5,4,4,4,72600,99630,105,2,2,3321.0,0.22727272727272727,0,0.0,1.0,0.0,0.0,0.0,0.0,0.0,0.0
19,1,1,602,2,1,1,5,3,0,100,1,1,1,2,2325,20989,0,0,21,4,1,0,1,5,4,0,0,0,0,11438,2325,0,0,0,1162.5,0.0,0,0.0,0.0,0.0,0.0,0.0,-1.0,0.0,0.0
42,0,2,319,1,24,3,3,4,1,56,3,3,1,1,7406,6950,1,1,21,4,4,1,10,5,2,10,9,5,8,13398,22218,100,2,1,1851.5,0.9090909090909091,2,0.0,0.0,0.0,1.0,0.0,0.0,0.0,0.0
38,0,2,1245,2,14,3,1,3,1,80,3,2,2,1,9924,12355,0,0,11,3,4,1,10,3,3,9,8,7,7,47310,19848,90,1,2,3308.0,0.8181818181818182,0,0.0,0.0,0.0,0.0,1.0,0.0,0.0,0.0
50,0,2,854,2,1,4,3,4,0,68,3,5,4,0,19517,24118,3,0,11,3,3,1,32,3,2,7,0,0,6,42700,97585,224,2,2,3252.8333333333335,0.21212121212121213,0,0.0,1.0,0.0,0.0,0.0,0.0,0.0,0.0
23,0,2,650,1,9,1,3,2,1,37,3,1,1,1,2500,4344,1,0,14,3,4,1,5,2,4,4,3,0,2,14950,2500,20,0,0,1250.0,0.6666666666666666,0,0.0,0.0,1.0,0.0,0.0,0.0,0.0,0.0
29,0,2,1176,2,3,2,3,2,0,62,3,2,3,1,5561,3487,1,0,14,3,1,1,6,5,2,6,0,1,2,34104,11122,36,0,1,1853.6666666666667,0.8571428571428571,0,0.0,0.0,0.0,0.0,1.0,0.0,0.0,0.0
31,0,2,1154,2,2,2,1,1,1,54,3,1,3,1,3067,6393,0,0,19,3,3,1,3,1,3,2,2,1,2,35774,3067,6,1,0,1533.5,0.5,0,0.0,0.0,0.0,0.0,0.0,-1.0,0.0,0.0
33,0,2,924,1,2,3,3,3,1,78,3,1,4,2,2496,6670,4,0,11,3,4,0,7,3,3,1,1,0,0,30492,2496,7,1,0,1248.0,0.125,0,0.0,0.0,1.0,0.0,0.0,0.0,0.0,0.0
29,0,1,574,1,20,1,3,4,1,40,3,1,4,1,3812,7003,1,0,13,3,2,0,11,3,4,11,8,3,10,16646,3812,121,0,0,1906.0,0.9166666666666666,0,0.0,0.0,1.0,0.0,0.0,0.0,0.0,0.0
29,0,2,469,2,10,3,3,3,1,42,2,2,3,2,5869,23413,9,0,11,3,3,0,8,2,3,5,2,1,4,13601,11738,40,0,1,1956.3333333333333,0.5555555555555556,0,0.0,0.0,0.0,0.0,1.0,0.0,0.0,0.0
45,0,2,1316,1,29,3,3,3,1,83,3,1,4,2,3452,9752,5,0,13,3,2,0,9,2,2,6,5,0,3,59220,3452,54,2,0,1726.0,0.6,0,1.0,0.0,0.0,0.0,0.0,0.0,0.0,0.0
45,0,2,252,1,1,3,4,3,1,70,4,5,4,1,19202,15970,0,0,11,3,3,1,25,2,3,24,0,1,7,11340,96010,600,2,2,3200.3333333333335,0.9230769230769231,0,0.0,1.0,0.0,0.0,0.0,0.0,0.0,0.0
36,0,1,1302,1,6,4,1,1,1,80,4,2,1,1,5562,19711,3,1,13,3,4,1,9,3,3,3,2,0,2,46872,11124,27,1,1,1854.0,0.3,3,0.0,0.0,1.0,0.0,0.0,0.0,0.0,0.0
37,0,2,1115,1,1,4,1,1,1,51,2,2,3,0,5993,2689,1,0,18,3,3,1,7,2,4,7,5,0,7,41255,11986,49,1,1,1997.6666666666667,0.875,0,0.0,0.0,0.0,1.0,0.0,0.0,0.0,0.0
32,1,2,1259,1,2,4,1,4,1,95,3,1,2,2,1393,24852,1,0,12,3,1,0,1,2,3,1,0,0,0,40288,1393,1,1,0,696.5,0.5,0,0.0,0.0,1.0,0.0,0.0,0.0,0.0,0.0
24,1,1,381,1,9,3,3,2,1,89,3,1,1,2,3172,16998,2,1,11,3,3,0,4,2,2,0,0,0,0,9144,3172,0,0,0,1586.0,0.0,2,0.0,0.0,1.0,0.0,0.0,0.0,0.0,0.0
28,0,2,1117,1,8,2,1,4,0,66,3,1,4,2,3310,4488,1,0,21,4,4,0,5,3,3,5,3,0,2,31276,3310,25,0,0,1655.0,0.8333333333333334,0,1.0,0.0,0.0,0.0,0.0,0.0,0.0,0.0
34,1,0,967,1,16,4,5,4,1,85,1,1,1,1,2307,14460,1,1,23,4,2,1,5,2,3,5,2,3,0,32878,2307,25,1,0,1153.5,0.8333333333333334,3,1.0,0.0,0.0,0.0,0.0,0.0,0.0,0.0
29,0,2,598,1,9,3,1,3,1,91,4,1,3,1,2451,22376,6,0,18,3,1,2,5,2,2,1,0,0,0,17342,2451,5,0,0,1225.5,0.16666666666666666,0,1.0,0.0,0.0,0.0,0.0,0.0,0.0,0.0
45,0,2,788,0,24,4,3,2,1,36,3,1,2,2,2177,8318,1,0,16,3,1,0,6,3,3,6,3,0,4,35460,2177,36,2,0,1088.5,0.8571428571428571,0,0.0,0.0,1.0,0.0,0.0,0.0,0.0,0.0
30,0,0,879,1,9,2,3,3,0,72,3,2,3,2,4695,12858,7,1,18,3,3,0,10,3,3,8,4,1,7,26370,9390,80,0,0,1565.0,0.7272727272727273,3,0.0,0.0,0.0,1.0,0.0,0.0,0.0,0.0
24,1,2,813,1,1,3,3,2,1,61,3,1,4,1,2293,3020,2,1,16,3,1,1,6,2,2,2,0,2,0,19512,2293,12,0,0,1146.5,0.2857142857142857,2,1.0,0.0,0.0,0.0,0.0,0.0,0.0,0.0
31,0,2,408,1,9,4,1,3,1,42,2,1,2,2,2657,7551,0,1,16,3,4,0,3,5,3,2,2,2,2,12648,2657,6,1,0,1328.5,0.5,3,1.0,0.0,0.0,0.0,0.0,0.0,0.0,0.0
54,0,2,1147,2,3,3,2,4,0,52,3,2,1,1,5940,17011,2,0,14,3,4,1,16,4,3,6,2,0,5,61938,11880,96,3,1,1980.0,0.35294117647058826,0,0.0,0.0,0.0,0.0,1.0,0.0,0.0,0.0
37,0,2,228,2,6,4,3,3,1,98,3,2,4,1,6502,22825,4,0,14,3,2,1,7,5,4,5,4,0,1,8436,13004,35,1,1,2167.3333333333335,0.625,0,0.0,0.0,0.0,0.0,1.0,0.0,0.0,0.0
35,0,2,464,1,4,2,4,3,1,75,3,1,4,0,1951,10910,1,0,12,3,3,1,1,3,3,1,0,0,0,16240,1951,1,1,0,975.5,0.5,0,0.0,0.0,1.0,0.0,0.0,0.0,0.0,0.0
60,0,2,370,1,1,4,3,3,1,92,1,3,4,0,10883,20467,3,0,20,4,3,1,19,2,4,1,0,0,0,22200,32649,19,3,2,2720.75,0.05,0,0.0,0.0,0.0,0.0,0.0,1.0,0.0,0.0
36,0,2,917,1,6,4,1,3,1,60,1,1,3,0,2741,6865,1,0,14,3,3,1,7,4,3,7,7,1,7,33012,2741,49,1,0,1370.5,0.875,0,0.0,0.0,1.0,0.0,0.0,0.0,0.0,0.0
39,0,2,722,2,24,1,2,2,0,60,2,4,4,1,12031,8828,0,0,11,3,1,1,21,2,2,20,9,9,6,28158,48124,420,1,2,2406.2,0.9090909090909091,0,0.0,0.0,0.0,0.0,1.0,0.0,0.0,0.0
29,0,2,153,1,15,2,1,4,0,49,2,2,3,2,4193,12682,0,1,12,3,4,0,10,3,3,9,5,0,8,4437,8386,90,0,0,1397.6666666666667,0.8181818181818182,3,0.0,0.0,1.0,0.0,0.0,0.0,0.0,0.0
27,0,2,1115,1,3,4,3,1,1,54,2,1,4,2,2045,15174,0,0,13,3,4,0,5,0,3,4,2,1,1,30105,2045,20,0,0,1022.5,0.6666666666666666,0,1.0,0.0,0.0,0.0,0.0,0.0,0.0,0.0
38,0,2,770,2,10,4,2,3,1,73,2,3,3,0,8740,5569,0,1,14,3,2,2,9,2,3,8,7,2,7,29260,26220,72,1,2,2185.0,0.8,3,0.0,0.0,0.0,0.0,1.0,0.0,0.0,0.0
42,0,1,458,1,26,5,3,1,0,60,3,3,1,1,13191,23281,3,1,17,3,3,0,20,6,3,1,0,0,0,19236,39573,20,2,2,3297.75,0.047619047619047616,3,0.0,-1.0,0.0,0.0,0.0,0.0,0.0,0.0
59,0,2,1324,1,3,3,3,3,0,81,4,1,1,1,2670,9964,4,1,20,4,1,3,12,3,2,1,0,0,0,78116,2670,12,3,0,1335.0,0.07692307692307693,2,0.0,0.0,1.0,0.0,0.0,0.0,0.0,0.0
42,0,2,469,1,2,2,3,4,1,35,3,4,1,1,17665,14399,0,0,17,3,4,1,23,3,3,22,6,13,7,19698,70660,506,2,2,3533.0,0.9166666666666666,0,0.0,1.0,0.0,0.0,0.0,0.0,0.0,0.0
26,1,2,1330,1,21,3,3,1,1,37,3,1,3,0,2377,19373,1,0,20,4,3,1,1,0,2,1,1,0,0,34580,2377,1,0,0,1188.5,0.5,0,0.0,0.0,1.0,0.0,0.0,0.0,0.0,0.0
41,0,2,483,1,6,3,3,4,1,95,2,2,2,2,6032,10110,6,1,15,3,4,0,8,3,3,5,4,1,2,19803,12064,40,2,1,2010.6666666666667,0.5555555555555556,3,0.0,0.0,0.0,1.0,0.0,0.0,0.0,0.0
35,0,2,144,1,22,3,1,4,1,46,1,1,3,2,4230,19225,0,0,15,3,3,0,6,2,3,5,4,4,3,5040,4230,30,1,0,2115.0,0.7142857142857143,0,0.0,0.0,1.0,0.0,0.0,0.0,0.0,0.0
57,0,2,593,1,1,4,3,4,1,88,3,2,3,1,6755,2967,2,0,11,3,3,0,15,2,3,3,2,1,2,33801,13510,45,3,1,2251.6666666666665,0.1875,0,0.0,0.0,0.0,0.0,0.0,1.0,0.0,0.0
31,0,2,1062,1,24,3,3,3,0,96,2,2,1,2,6812,17198,1,0,19,3,2,0,10,2,3,10,9,1,8,32922,13624,100,1,1,2270.6666666666665,0.9090909090909091,0,0.0,0.0,0.0,0.0,0.0,1.0,0.0,0.0
59,0,0,1420,0,2,4,0,3,0,32,2,5,4,1,18844,21922,9,0,21,4,4,1,30,3,3,3,2,2,2,83780,94220,90,3,2,3140.6666666666665,0.0967741935483871,0,0.0,1.0,0.0,0.0,0.0,0.0,0.0,0.0
34,0,2,943,1,9,3,1,4,1,86,3,3,4,0,8500,5494,0,0,11,3,4,1,10,0,2,9,7,1,6,32062,25500,90,1,2,2125.0,0.8181818181818182,0,0.0,0.0,0.0,0.0,0.0,1.0,0.0,0.0
40,0,2,905,1,19,2,3,3,1,99,3,2,4,1,2741,16523,8,1,15,3,3,1,15,2,4,7,2,3,7,36200,5482,105,1,0,913.6666666666666,0.4375,4,0.0,0.0,1.0,0.0,0.0,0.0,0.0,0.0
34,0,1,618,1,3,1,1,1,1,45,3,2,4,2,7756,22266,0,0,17,3,3,0,7,1,2,6,2,0,4,21012,15512,42,1,1,2585.3333333333335,0.75,0,0.0,0.0,0.0,0.0,0.0,1.0,0.0,0.0
41,0,1,840,1,9,3,3,1,1,64,3,5,3,0,19419,3735,2,0,17,3,2,1,21,2,4,18,16,0,11,34440,97095,378,2,2,3236.5,0.8181818181818182,0,0.0,-1.0,0.0,0.0,0.0,0.0,0.0,0.0
35,1,2,1204,2,4,3,5,4,1,86,3,3,1,2,9582,10333,0,1,22,4,1,0,9,2,3,8,7,4,7,42140,28746,72,1,2,2395.5,0.8,3,0.0,0.0,0.0,0.0,1.0,0.0,0.0,0.0
35,0,2,1315,1,22,3,1,2,0,71,4,3,2,0,11996,19100,7,0,18,3,2,1,10,6,2,7,7,6,2,46025,35988,70,1,2,2999.0,0.6363636363636364,0,0.0,1.0,0.0,0.0,0.0,0.0,0.0,0.0
35,0,2,1219,2,18,3,3,3,0,86,3,2,3,1,4601,6179,1,0,16,3,2,0,5,3,3,5,2,1,0,42665,9202,25,1,0,1533.6666666666667,0.8333333333333334,0,0.0,0.0,0.0,0.0,1.0,0.0,0.0,0.0
25,0,0,675,1,5,2,1,2,1,85,4,2,1,0,4000,18384,1,0,12,3,4,2,6,2,3,6,3,1,5,16875,8000,36,0,0,1333.3333333333333,0.8571428571428571,0,0.0,0.0,0.0,0.0,0.0,1.0,0.0,0.0
49,0,2,1495,1,5,4,5,1,1,96,3,2,3,1,6651,21534,2,0,14,3,2,1,20,0,2,3,2,1,2,73255,13302,60,2,1,2217.0,0.14285714285714285,0,0.0,0.0,0.0,0.0,0.0,1.0,0.0,0.0
36,0,2,1266,2,10,4,5,2,0,63,2,2,3,1,5673,6060,1,1,13,3,1,1,10,4,3,10,9,1,7,45576,11346,100,1,1,1891.0,0.9090909090909091,3,0.0,0.0,0.0,0.0,1.0,0.0,0.0,0.0
26,1,2,471,1,24,3,5,3,1,66,1,1,4,2,2340,23213,1,1,18,3,2,0,1,3,1,1,0,0,0,12246,2340,1,0,0,1170.0,0.5,1,0.0,0.0,1.0,0.0,0.0,0.0,0.0,0.0
58,0,2,682,2,10,4,3,4,1,37,3,4,3,2,13872,24409,0,0,13,3,3,0,38,1,2,37,10,1,8,39556,55488,1406,3,2,2774.4,0.9487179487179487,0,0.0,0.0,0.0,0.0,1.0,0.0,0.0,0.0
27,0,1,1242,2,20,3,1,4,0,90,3,2,3,2,9981,12916,1,0,14,3,4,0,7,2,3,7,7,0,7,33534,19962,49,0,2,3327.0,0.875,0,0.0,0.0,0.0,0.0,1.0,0.0,0.0,0.0
42,0,2,603,1,7,4,3,2,0,78,4,2,2,1,2372,5628,6,1,16,3,4,0,18,2,3,1,0,0,0,25326,4744,18,2,0,790.6666666666666,0.05263157894736842,3,1.0,0.0,0.0,0.0,0.0,0.0,0.0,0.0
29,0,2,1210,2,2,3,3,1,1,78,2,2,2,1,6644,3687,2,0,19,3,2,2,10,2,3,0,0,0,0,35090,13288,0,0,1,2214.6666666666665,0.0,0,0.0,0.0,0.0,0.0,1.0,0.0,0.0,0.0
27,0,2,1055,1,2,4,1,1,0,47,3,2,4,1,4227,4658,0,0,18,3,2,1,4,2,3,3,2,2,2,28485,8454,12,0,0,1409.0,0.6,0,0.0,0.0,0.0,1.0,0.0,0.0,0.0,0.0
42,0,2,1128,1,13,3,3,2,1,95,4,2,1,1,5538,5696,5,0,18,3,3,2,10,2,2,0,0,0,0,47376,11076,0,2,1,1846.0,0.0,0,0.0,0.0,0.0,0.0,0.0,1.0,0.0,0.0
30,0,2,413,2,7,1,2,4,1,57,3,1,2,2,2983,18398,0,0,14,3,1,0,4,3,3,3,2,1,2,12390,2983,12,0,0,1491.5,0.6,0,0.0,0.0,0.0,0.0,0.0,-1.0,0.0,0.0
20,0,2,959,1,1,3,1,4,0,83,2,1,2,2,2836,11757,1,0,13,3,4,0,1,0,4,1,0,0,0,19180,2836,1,0,0,1418.0,0.5,0,1.0,0.0,0.0,0.0,0.0,0.0,0.0,0.0
32,0,1,1005,1,2,2,1,4,1,79,3,1,4,2,3068,11864,0,0,13,3,3,0,8,2,2,7,7,3,6,32160,3068,56,1,0,1534.0,0.7777777777777778,0,0.0,0.0,1.0,0.0,0.0,0.0,0.0,0.0
21,1,1,251,1,10,2,1,1,0,45,2,1,3,2,2625,25308,1,0,20,4,3,0,2,2,1,2,2,2,2,5271,2625,4,0,0,1312.5,0.6666666666666666,0,0.0,0.0,1.0,0.0,0.0,0.0,0.0,0.0
27,0,1,793,2,2,1,1,4,1,43,1,2,4,2,5071,20392,3,0,20,4,2,0,8,3,3,6,2,0,0,21411,10142,48,0,1,1690.3333333333333,0.6666666666666666,0,0.0,0.0,0.0,0.0,1.0,0.0,0.0,0.0
18,1,1,1306,2,5,3,2,2,1,69,3,1,2,2,1878,8059,1,1,14,3,4,0,0,3,3,0,0,0,0,23508,1878,0,0,0,939.0,0.0,3,0.0,0.0,0.0,0.0,0.0,-1.0,0.0,0.0
18,1,2,230,1,3,3,1,3,1,54,3,1,3,2,1420,25233,1,0,13,3,3,0,0,2,3,0,0,0,0,4140,1420,0,0,0,710.0,0.0,0,0.0,0.0,1.0,0.0,0.0,0.0,0.0,0.0
30,0,2,1334,2,4,2,3,3,0,63,2,2,2,0,5209,19760,1,1,12,3,2,3,11,4,2,11,8,2,7,40020,10418,121,0,1,1736.3333333333333,0.9166666666666666,2,0.0,0.0,0.0,0.0,1.0,0.0,0.0,0.0
41,0,2,548,1,9,4,1,3,1,94,3,1,1,0,2289,20520,1,0,20,4,2,2,5,2,3,5,3,0,4,22468,2289,25,2,0,1144.5,0.8333333333333334,0,0.0,0.0,1.0,0.0,0.0,0.0,0.0,0.0
28,1,1,1496,2,1,3,5,1,1,92,3,1,3,1,2909,15747,3,0,15,3,4,1,5,3,4,3,2,1,2,41888,2909,15,0,0,1454.5,0.5,0,0.0,0.0,0.0,0.0,0.0,-1.0,0.0,0.0
30,0,2,852,1,1,1,1,4,1,55,2,2,4,1,5126,15998,1,1,12,3,3,2,10,1,2,10,8,3,0,25560,10252,100,0,1,1708.6666666666667,0.9090909090909091,2,0.0,0.0,1.0,0.0,0.0,0.0,0.0,0.0
21,1,2,1334,1,10,3,1,3,0,36,2,1,1,2,1416,17258,1,0,13,3,1,0,1,6,2,1,0,1,0,28014,1416,1,0,0,708.0,0.5,0,0.0,0.0,1.0,0.0,0.0,0.0,0.0,0.0
36,1,2,660,1,15,3,4,1,1,81,3,2,3,0,4834,7858,7,0,14,3,2,1,9,3,2,1,0,0,0,23760,9668,9,1,0,1611.3333333333333,0.1,0,0.0,0.0,1.0,0.0,0.0,0.0,0.0,0.0
32,0,1,967,2,8,3,2,2,0,43,3,3,4,2,8998,15589,1,0,14,3,4,0,9,2,3,9,8,3,7,30944,26994,81,1,2,2249.5,0.9,0,0.0,0.0,0.0,0.0,1.0,0.0,0.0,0.0
38,0,1,1391,1,10,1,3,3,1,66,3,1,3,1,2684,12127,0,0,17,3,2,1,3,0,2,2,1,0,2,52858,2684,6,1,0,1342.0,0.5,0,1.0,0.0,0.0,0.0,0.0,0.0,0.0,0.0
32,0,2,801,2,1,4,2,3,0,48,3,3,4,1,10422,24032,1,0,19,3,3,2,14,3,3,14,10,5,7,25632,31266,196,1,2,2605.5,0.9333333333333333,0,0.0,0.0,0.0,0.0,1.0,0.0,0.0,0.0
27,0,1,1297,1,5,2,1,4,0,53,3,1,4,2,2379,19826,0,1,14,3,3,0,6,3,2,5,4,0,2,35019,2379,30,0,0,1189.5,0.7142857142857143,2,0.0,0.0,1.0,0.0,0.0,0.0,0.0,0.0
29,0,2,144,2,10,1,2,4,0,39,2,2,2,0,8268,11866,1,1,14,3,1,2,7,2,3,7,7,1,7,4176,16536,49,0,1,2756.0,0.875,3,0.0,0.0,0.0,0.0,1.0,0.0,0.0,0.0
29,0,2,1328,1,2,3,1,3,1,76,3,1,2,1,2703,4956,0,0,23,4,4,1,6,3,3,5,4,0,4,38512,2703,30,0,0,1351.5,0.7142857142857143,0,1.0,0.0,0.0,0.0,0.0,0.0,0.0,0.0
33,0,2,213,1,7,3,3,3,1,49,3,3,3,1,11691,25995,0,0,11,3,4,0,14,3,4,13,9,3,7,7029,35073,182,1,2,2922.75,0.8666666666666667,0,0.0,-1.0,0.0,0.0,0.0,0.0,0.0,0.0
50,0,2,264,2,9,3,2,3,1,59,3,5,3,1,19331,19519,4,1,16,3,3,1,27,2,3,1,0,0,0,13200,96655,27,2,2,3221.8333333333335,0.03571428571428571,3,0.0,1.0,0.0,0.0,0.0,0.0,0.0,0.0
32,0,2,427,1,1,3,3,1,1,33,3,2,4,1,6162,10877,1,1,22,4,2,1,9,3,3,9,8,7,8,13664,12324,81,1,1,2054.0,0.9,3,0.0,0.0,0.0,1.0,0.0,0.0,0.0,0.0
36,0,2,1383,1,10,3,1,4,1,90,3,3,1,1,8321,25949,7,1,13,3,4,1,15,1,3,12,8,5,7,49788,24963,180,1,1,2080.25,0.75,3,0.0,0.0,0.0,0.0,0.0,1.0,0.0,0.0
36,0,2,1351,1,26,4,1,1,1,80,3,2,3,1,5347,7419,6,0,14,3,2,2,10,2,2,3,2,0,2,48636,10694,30,1,1,1782.3333333333333,0.2727272727272727,0,0.0,0.0,0.0,0.0,0.0,1.0,0.0,0.0
38,0,2,322,2,7,2,3,1,0,44,4,2,1,0,5605,19191,1,1,24,4,3,1,8,3,3,8,0,7,7,12236,11210,64,1,1,1868.3333333333333,0.8888888888888888,3,0.0,0.0,0.0,0.0,1.0,0.0,0.0,0.0
55,1,2,267,2,13,4,2,1,1,85,4,4,3,2,13695,9277,6,1,17,3,3,0,24,2,2,19,7,3,8,14685,54780,456,3,2,2739.0,0.76,2,0.0,0.0,0.0,0.0,1.0,0.0,0.0,0.0
30,0,2,201,1,5,3,5,4,0,84,3,1,1,0,3204,10415,5,0,14,3,4,1,8,3,3,3,2,2,2,6030,3204,24,0,0,1602.0,0.3333333333333333,0,1.0,0.0,0.0,0.0,0.0,0.0,0.0,0.0
45,0,0,1195,1,2,2,3,1,1,65,2,4,4,1,16792,20462,9,0,23,4,4,1,22,1,3,20,8,11,8,53775,67168,440,2,2,3358.4,0.8695652173913043,0,0.0,1.0,0.0,0.0,0.0,0.0,0.0,0.0
37,0,2,1107,1,14,3,1,4,0,95,3,1,1,0,3034,26914,1,0,12,3,3,1,18,2,2,18,7,12,17,40959,3034,324,1,0,1517.0,0.9473684210526315,0,0.0,0.0,1.0,0.0,0.0,0.0,0.0,0.0
51,0,2,1302,1,2,3,3,4,1,84,1,2,2,0,5482,16321,5,0,18,3,4,1,13,3,3,4,1,1,2,66402,10964,52,3,1,1827.3333333333333,0.2857142857142857,0,0.0,0.0,0.0,1.0,0.0,0.0,0.0,0.0
30,0,2,1329,2,29,4,1,3,1,61,3,2,1,0,4115,13192,8,0,19,3,3,3,8,3,3,4,3,0,3,39870,8230,32,0,0,1371.6666666666667,0.4444444444444444,0,0.0,0.0,0.0,0.0,1.0,0.0,0.0,0.0
29,1,2,121,2,27,3,2,2,0,35,3,3,4,1,7639,24525,1,0,22,4,4,3,10,3,2,10,4,1,9,3509,22917,100,0,1,1909.75,0.9090909090909091,0,0.0,0.0,0.0,0.0,1.0,0.0,0.0,0.0
32,0,2,499,2,2,1,2,3,1,36,3,2,2,1,4078,20497,0,1,13,3,1,3,4,3,2,3,2,1,2,15968,8156,12,1,0,1359.3333333333333,0.6,2,0.0,0.0,0.0,0.0,1.0,0.0,0.0,0.0
39,0,2,835,1,19,4,4,4,1,41,3,2,4,0,3902,5141,8,0,14,3,2,3,7,2,3,2,2,2,2,32565,7804,14,1,0,1300.6666666666667,0.25,0,1.0,0.0,0.0,0.0,0.0,0.0,0.0,0.0
37,0,2,1439,1,4,1,1,3,1,54,3,1,3,1,2996,5182,7,1,15,3,4,0,8,2,3,6,4,1,3,53243,2996,48,1,0,1498.0,0.6666666666666666,3,1.0,0.0,0.0,0.0,0.0,0.0,0.0,0.0
36,0,2,188,1,7,4,4,2,1,65,3,1,4,2,4678,23293,2,0,18,3,3,0,8,6,3,6,2,0,1,6768,4678,48,1,0,2339.0,0.6666666666666666,0,1.0,0.0,0.0,0.0,0.0,0.0,0.0,0.0
38,0,2,1333,1,1,3,5,4,0,80,3,3,1,1,13582,16292,1,0,13,3,2,1,15,3,3,15,12,5,11,50654,40746,225,1,2,3395.5,0.9375,0,0.0,-1.0,0.0,0.0,0.0,0.0,0.0,0.0
48,0,2,1221,2,7,3,2,3,1,96,3,2,1,0,5486,24795,4,0,11,3,1,3,15,3,3,2,2,2,2,58608,10972,30,2,1,1828.6666666666667,0.125,0,0.0,0.0,0.0,0.0,1.0,0.0,0.0,0.0
26,0,1,575,1,1,2,1,1,0,71,1,1,4,0,4364,5288,3,0,14,3,1,1,5,2,3,2,2,2,0,14950,4364,10,0,0,2182.0,0.3333333333333333,0,0.0,0.0,1.0,0.0,0.0,0.0,0.0,0.0
33,0,2,931,1,14,3,3,4,0,72,3,1,2,1,2756,4673,1,0,13,3,4,1,8,5,3,8,7,1,6,30723,2756,64,1,0,1378.0,0.8888888888888888,0,1.0,0.0,0.0,0.0,0.0,0.0,0.0,0.0
57,0,2,334,1,24,2,1,3,1,83,4,3,4,0,9439,23402,3,1,16,3,2,1,12,2,1,5,3,1,4,19038,28317,60,3,2,2359.75,0.38461538461538464,1,0.0,0.0,0.0,0.0,0.0,1.0,0.0,0.0
38,0,1,148,1,2,3,3,4,0,42,2,1,2,2,2440,23826,1,0,22,4,2,0,4,3,3,4,3,3,3,5624,2440,16,1,0,1220.0,0.8,0,0.0,0.0,1.0,0.0,0.0,0.0,0.0,0.0
42,0,2,1147,0,10,3,0,3,0,31,3,4,1,1,16799,16616,0,0,14,3,3,1,21,5,3,20,7,0,9,48174,67196,420,2,2,3359.8,0.9090909090909091,0,0.0,1.0,0.0,0.0,0.0,0.0,0.0,0.0
36,0,1,541,2,3,4,3,1,1,48,2,3,4,1,9699,7246,4,0,11,3,1,1,16,2,3,13,9,1,12,19476,29097,208,1,2,2424.75,0.7647058823529411,0,0.0,0.0,0.0,0.0,1.0,0.0,0.0,0.0
51,0,1,237,2,9,3,1,4,1,83,3,5,2,0,19847,19196,4,1,24,4,1,1,31,5,2,29,10,11,10,12087,99235,899,3,2,3307.8333333333335,0.90625,2,0.0,1.0,0.0,0.0,0.0,0.0,0.0,0.0
45,0,1,1249,1,7,3,1,1,1,97,3,3,1,0,5210,20308,1,0,18,3,1,1,24,2,3,24,9,9,11,56205,15630,576,2,1,1302.5,0.96,0,0.0,0.0,1.0,0.0,0.0,0.0,0.0,0.0
40,0,2,1322,1,2,4,1,3,1,52,2,1,3,2,2809,2725,2,0,14,3,4,0,8,2,3,2,2,2,2,52880,2809,16,1,0,1404.5,0.2222222222222222,0,1.0,0.0,0.0,0.0,0.0,0.0,0.0,0.0
43,1,2,1372,2,9,3,2,1,0,85,1,2,3,2,5346,9489,8,0,13,3,2,0,7,2,2,4,3,1,3,58996,10692,28,2,1,1782.0,0.5,0,0.0,0.0,0.0,0.0,1.0,0.0,0.0,0.0
35,0,2,1142,1,23,4,3,3,0,30,3,1,1,1,4014,16002,3,1,15,3,3,1,4,3,3,2,2,2,2,39970,4014,8,1,0,2007.0,0.4,3,0.0,0.0,1.0,0.0,0.0,0.0,0.0,0.0
26,0,2,583,1,4,2,1,3,1,53,3,1,4,2,2875,9973,1,1,20,4,2,0,8,2,2,8,5,2,2,15158,2875,64,0,0,1437.5,0.8888888888888888,2,1.0,0.0,0.0,0.0,0.0,0.0,0.0,0.0
31,0,1,163,1,24,1,5,4,0,30,3,2,4,2,5238,6670,2,0,20,4,4,0,9,3,2,5,4,1,4,5053,10476,45,1,1,1746.0,0.5,0,0.0,0.0,0.0,1.0,0.0,0.0,0.0,0.0
37,0,2,161,1,10,3,1,3,0,42,4,3,4,1,13744,15471,1,1,25,4,1,1,16,2,3,16,11,6,8,5957,41232,256,1,2,3436.0,0.9411764705882353,3,0.0,-1.0,0.0,0.0,0.0,0.0,0.0,0.0
34,0,2,507,2,15,2,3,3,0,66,3,2,1,2,6125,23553,1,0,12,3,4,0,10,6,4,10,8,9,6,17238,12250,100,1,1,2041.6666666666667,0.9090909090909091,0,0.0,0.0,0.0,0.0,1.0,0.0,0.0,0.0
53,0,2,970,1,7,3,1,3,1,59,4,4,3,1,14814,13514,3,0,19,3,3,0,32,3,3,5,1,1,3,51410,59256,160,3,2,2962.8,0.15151515151515152,0,0.0,-1.0,0.0,0.0,0.0,0.0,0.0,0.0
40,0,2,611,2,7,4,3,2,1,88,3,5,2,2,19833,4349,1,0,14,3,2,0,21,3,2,21,8,12,8,24440,99165,441,1,2,3305.5,0.9545454545454546,0,0.0,1.0,0.0,0.0,0.0,0.0,0.0,0.0
47,1,1,1093,2,9,3,1,3,1,82,1,4,3,1,12936,24164,7,0,11,3,3,0,25,3,1,23,5,14,10,51371,51744,575,2,2,2587.2,0.8846153846153846,0,0.0,0.0,0.0,0.0,1.0,0.0,0.0,0.0
30,0,0,641,2,25,2,5,4,0,85,3,2,3,1,4736,6069,7,1,12,3,2,1,4,2,4,2,2,2,2,19230,9472,8,0,0,1578.6666666666667,0.4,4,0.0,0.0,0.0,0.0,1.0,0.0,0.0,0.0
31,0,2,154,2,7,4,1,2,1,41,2,1,3,1,2329,11737,3,0,15,3,2,0,13,2,4,7,7,5,2,4774,2329,91,1,0,1164.5,0.5,0,0.0,0.0,0.0,0.0,0.0,-1.0,0.0,0.0
52,0,2,621,2,3,4,2,3,1,31,2,4,1,1,16856,10084,1,0,11,3,1,0,34,3,4,34,6,1,16,32292,67424,1156,3,2,3371.2,0.9714285714285714,0,0.0,1.0,0.0,0.0,0.0,0.0,0.0,0.0
26,0,1,1479,1,1,3,1,3,0,84,3,2,2,0,6397,26767,1,0,20,4,1,1,6,6,1,6,5,1,4,38454,12794,36,0,1,2132.3333333333335,0.8571428571428571,0,0.0,0.0,0.0,1.0,0.0,0.0,0.0,0.0
44,0,1,602,0,1,5,0,1,1,37,3,2,4,1,5743,10503,4,1,11,3,3,0,14,3,3,10,7,0,2,26488,11486,140,2,1,1914.3333333333333,0.6666666666666666,3,0.0,0.0,1.0,0.0,0.0,0.0,0.0,0.0
45,0,2,930,2,9,3,2,4,1,74,3,3,1,0,10761,19239,4,1,12,3,3,1,18,2,3,5,4,0,2,41850,32283,90,2,2,2690.25,0.2631578947368421,3,0.0,0.0,0.0,0.0,1.0,0.0,0.0,0.0
20,1,2,1097,1,11,3,3,4,0,98,2,1,1,2,2600,18275,1,1,15,3,1,0,1,2,3,1,0,0,0,21940,2600,1,0,0,1300.0,0.5,3,1.0,0.0,0.0,0.0,0.0,0.0,0.0,0.0
28,0,2,440,1,21,3,3,3,1,42,3,1,4,1,2713,6672,1,0,11,3,3,1,5,2,1,5,2,0,2,12320,2713,25,0,0,1356.5,0.8333333333333334,0,1.0,0.0,0.0,0.0,0.0,0.0,0.0,0.0
39,0,2,1498,2,21,4,1,1,1,44,2,2,4,1,6120,3567,3,1,12,3,4,2,8,2,4,5,4,1,4,58422,12240,40,1,1,2040.0,0.5555555555555556,4,0.0,0.0,0.0,0.0,1.0,0.0,0.0,0.0
37,0,2,671,1,19,3,1,3,1,85,3,2,3,1,5768,26493,3,0,17,3,1,3,9,2,2,4,3,0,2,24827,11536,36,1,1,1922.6666666666667,0.4,0,0.0,0.0,0.0,1.0,0.0,0.0,0.0,0.0
31,0,2,1112,2,5,4,1,1,0,67,3,2,4,1,5476,22589,1,0,11,3,1,2,10,2,3,10,0,0,2,34472,10952,100,1,1,1825.3333333333333,0.9090909090909091,0,0.0,0.0,0.0,0.0,1.0,0.0,0.0,0.0
34,0,2,121,1,2,4,3,3,0,86,2,1,1,2,4381,7530,1,0,11,3,3,0,6,3,3,6,5,1,3,4114,4381,36,1,0,2190.5,0.8571428571428571,0,1.0,0.0,0.0,0.0,0.0,0.0,0.0,0.0
37,0,2,446,1,1,4,1,2,0,65,3,2,2,1,6447,15701,6,0,12,3,2,1,8,2,2,6,5,4,3,16502,12894,48,1,1,2149.0,0.6666666666666666,0,0.0,0.0,0.0,1.0,0.0,0.0,0.0,0.0
28,0,2,640,1,1,3,5,4,1,84,3,1,1,2,2080,4732,2,0,11,3,2,0,5,2,2,3,2,1,2,17920,2080,15,0,0,1040.0,0.5,0,1.0,0.0,0.0,0.0,0.0,0.0,0.0,0.0
31,0,2,691,1,5,4,5,3,1,86,3,1,4,1,4821,10077,0,1,12,3,3,1,6,4,3,5,2,0,3,21421,4821,30,1,0,2410.5,0.7142857142857143,3,1.0,0.0,0.0,0.0,0.0,0.0,0.0,0.0
50,0,2,1322,1,28,3,1,4,0,43,3,4,1,1,16880,22422,4,1,11,3,2,0,25,2,3,3,2,1,2,66100,67520,75,2,2,3376.0,0.11538461538461539,3,0.0,-1.0,0.0,0.0,0.0,0.0,0.0,0.0
43,1,1,807,1,17,3,5,3,1,38,2,1,3,1,2437,15587,9,1,16,3,4,1,6,4,3,1,0,0,0,34701,2437,6,2,0,1218.5,0.14285714285714285,3,1.0,0.0,0.0,0.0,0.0,0.0,0.0,0.0
27,1,2,1420,2,2,1,2,3,1,85,3,1,1,0,3041,16346,0,0,11,3,2,1,5,3,3,4,3,0,2,38340,3041,20,0,0,1520.5,0.6666666666666666,0,0.0,0.0,0.0,0.0,0.0,-1.0,0.0,0.0
45,0,2,1268,2,4,2,1,3,0,30,3,2,1,0,5006,6319,4,1,11,3,1,1,9,3,4,5,4,0,3,57060,10012,45,2,1,1668.6666666666667,0.5,4,0.0,0.0,0.0,0.0,1.0,0.0,0.0,0.0
54,0,0,142,0,26,3,0,4,0,30,4,4,4,2,17328,13871,2,1,12,3,3,0,23,3,3,5,3,4,4,7668,69312,115,3,2,3465.6,0.20833333333333334,3,0.0,1.0,0.0,0.0,0.0,0.0,0.0,0.0
35,0,2,1490,1,11,4,3,4,1,43,3,1,3,1,2660,20232,7,1,11,3,3,1,5,3,3,2,2,2,2,52150,2660,10,1,0,1330.0,0.3333333333333333,3,0.0,0.0,1.0,0.0,0.0,0.0,0.0,0.0
30,0,2,231,2,8,2,4,3,1,62,3,3,3,0,7264,9977,5,0,11,3,1,1,10,2,4,8,4,7,7,6930,21792,80,0,1,1816.0,0.7272727272727273,0,0.0,0.0,0.0,0.0,1.0,0.0,0.0,0.0
22,0,0,457,1,26,2,4,2,0,85,2,1,3,1,2814,10293,1,1,14,3,2,0,4,2,2,4,2,1,3,10054,2814,16,0,0,1407.0,0.8,2,1.0,0.0,0.0,0.0,0.0,0.0,0.0,0.0
55,0,2,189,0,26,4,0,3,1,71,4,5,2,1,19636,25811,4,1,18,3,1,1,35,0,3,10,9,1,4,10395,98180,350,3,2,3272.6666666666665,0.2777777777777778,3,0.0,1.0,0.0,0.0,0.0,0.0,0.0,0.0
54,0,2,431,1,7,4,3,4,0,68,3,2,4,1,6854,15696,4,0,15,3,2,1,14,2,2,7,1,1,7,23274,13708,98,3,1,2284.6666666666665,0.4666666666666667,0,1.0,0.0,0.0,0.0,0.0,0.0,0.0,0.0
31,0,0,979,1,1,4,3,3,1,90,1,2,3,1,4345,4381,0,0,12,3,4,1,6,2,3,5,4,1,4,30349,8690,30,1,0,1448.3333333333333,0.7142857142857143,0,0.0,0.0,0.0,1.0,0.0,0.0,0.0,0.0
20,1,2,500,2,2,3,3,3,0,49,2,1,3,2,2044,22052,1,0,13,3,4,0,2,3,2,2,2,0,2,10000,2044,4,0,0,1022.0,0.6666666666666666,0,0.0,0.0,0.0,0.0,0.0,-1.0,0.0,0.0
49,0,1,279,1,8,1,1,3,1,61,2,2,2,1,5130,24907,1,0,23,4,4,1,10,3,3,10,7,1,7,13671,10260,100,2,1,1710.0,0.9090909090909091,0,1.0,0.0,0.0,0.0,0.0,0.0,0.0,0.0
37,0,0,1063,1,25,5,3,2,0,72,3,2,3,1,4449,23866,3,1,15,3,1,2,15,2,3,13,11,10,7,39331,8898,195,1,0,1483.0,0.8125,3,1.0,0.0,0.0,0.0,0.0,0.0,0.0,0.0
25,0,2,977,1,2,1,4,4,1,57,3,1,3,0,3977,7298,6,1,19,3,3,1,7,2,2,2,2,0,2,24425,3977,14,0,0,1988.5,0.25,2,0.0,0.0,1.0,0.0,0.0,0.0,0.0,0.0
29,0,2,1370,1,3,1,3,2,1,87,3,1,1,2,4723,16213,1,1,18,3,4,0,10,3,3,10,9,1,5,39730,4723,100,0,0,2361.5,0.9090909090909091,3,0.0,0.0,1.0,0.0,0.0,0.0,0.0,0.0
28,0,2,1172,2,3,3,3,2,0,78,3,1,2,1,2856,3692,1,0,19,3,4,1,1,3,3,1,0,0,0,32816,2856,1,0,0,1428.0,0.5,0,0.0,0.0,0.0,0.0,0.0,-1.0,0.0,0.0
41,0,2,465,1,14,3,1,1,1,56,3,1,3,0,2451,4609,4,0,12,3,1,1,13,2,3,9,8,1,8,19065,2451,117,2,0,1225.5,0.6428571428571429,0,1.0,0.0,0.0,0.0,0.0,0.0,0.0,0.0
31,0,0,1188,2,20,2,2,4,0,45,3,2,3,1,6932,24406,1,0,13,3,4,1,9,2,2,9,8,0,0,36828,13864,81,1,1,2310.6666666666665,0.9,0,0.0,0.0,0.0,0.0,1.0,0.0,0.0,0.0
30,0,2,1358,2,16,1,1,4,1,96,3,2,3,1,5301,2939,8,0,15,3,3,2,4,2,2,2,1,2,2,40740,10602,8,0,1,1767.0,0.4,0,0.0,0.0,0.0,0.0,1.0,0.0,0.0,0.0
36,0,1,635,1,18,1,3,2,0,73,3,1,4,2,2153,7703,1,0,13,3,1,0,8,2,3,8,1,1,7,22860,2153,64,1,0,1076.5,0.8888888888888888,0,0.0,0.0,1.0,0.0,0.0,0.0,0.0,0.0
54,0,2,685,1,3,3,1,4,1,85,3,4,4,1,17779,23474,3,0,14,3,1,0,36,2,3,10,9,0,9,36990,71116,360,3,2,3555.8,0.2702702702702703,0,0.0,-1.0,0.0,0.0,0.0,0.0,0.0,0.0
38,0,2,130,2,2,2,2,4,1,32,3,3,2,2,7351,20619,7,0,16,3,3,0,10,2,3,1,0,0,0,4940,22053,10,1,1,1837.75,0.09090909090909091,0,0.0,0.0,0.0,0.0,1.0,0.0,0.0,0.0
38,0,2,1261,1,2,4,1,4,1,88,3,2,3,1,6553,7259,9,0,14,3,2,0,14,3,3,1,0,0,0,47918,13106,14,1,1,2184.3333333333335,0.06666666666666667,0,0.0,0.0,0.0,1.0,0.0,0.0,0.0,0.0
38,0,1,216,1,23,3,1,4,1,44,2,3,3,2,9526,8787,0,0,21,4,2,0,10,2,3,9,7,1,8,8208,28578,90,1,2,2381.5,0.8181818181818182,0,0.0,0.0,0.0,1.0,0.0,0.0,0.0,0.0
28,0,2,1179,1,19,4,3,4,1,78,2,1,1,1,3196,12449,1,0,12,3,3,3,6,2,3,6,5,3,3,33012,3196,36,0,0,1598.0,0.8571428571428571,0,0.0,0.0,1.0,0.0,0.0,0.0,0.0,0.0
34,0,2,216,2,1,4,2,2,1,75,4,2,4,0,9725,12278,0,0,11,3,4,1,16,2,2,15,1,0,9,7344,19450,240,1,2,3241.6666666666665,0.8823529411764706,0,0.0,0.0,0.0,0.0,1.0,0.0,0.0,0.0
36,0,0,845,2,1,5,3,4,0,45,3,2,4,2,6653,15276,4,0,15,3,2,0,7,6,3,1,0,0,0,30420,13306,7,1,1,2217.6666666666665,0.125,0,0.0,0.0,0.0,0.0,1.0,0.0,0.0,0.0
29,1,1,459,1,24,2,1,4,1,73,2,1,4,2,2439,14753,1,1,24,4,2,0,1,3,2,1,0,1,0,13311,2439,1,0,0,1219.5,0.5,2,1.0,0.0,0.0,0.0,0.0,0.0,0.0,0.0
54,0,1,928,1,20,4,1,4,0,31,3,2,3,2,4869,16885,3,0,12,3,4,0,20,4,2,4,3,0,3,50112,9738,80,3,0,1623.0,0.19047619047619047,0,1.0,0.0,0.0,0.0,0.0,0.0,0.0,0.0
36,0,1,566,1,18,4,1,3,1,81,4,1,4,1,3688,7122,4,0,18,3,4,2,4,2,3,1,0,0,0,20376,3688,4,1,0,1844.0,0.2,0,0.0,0.0,1.0,0.0,0.0,0.0,0.0,0.0
36,0,2,1120,2,11,4,2,2,0,100,2,2,4,1,6652,14369,4,0,13,3,1,1,8,2,2,6,3,0,0,40320,13304,48,1,1,2217.3333333333335,0.6666666666666666,0,0.0,0.0,0.0,0.0,1.0,0.0,0.0,0.0
32,0,0,1200,1,1,4,5,4,1,62,3,2,1,1,4087,25174,4,0,14,3,2,1,9,3,2,6,5,1,2,38400,8174,54,1,0,1362.3333333333333,0.6,0,1.0,0.0,0.0,0.0,0.0,0.0,0.0,0.0
60,0,2,1179,2,16,4,2,1,1,84,3,2,1,2,5405,11924,8,0,14,3,4,0,10,1,3,2,2,2,2,70740,10810,20,3,1,1801.6666666666667,0.18181818181818182,0,0.0,0.0,0.0,0.0,1.0,0.0,0.0,0.0
33,0,2,867,1,8,4,1,4,1,90,4,1,1,1,3143,6076,6,0,19,3,2,1,14,1,3,10,8,7,6,28611,3143,140,1,0,1571.5,0.6666666666666666,0,1.0,0.0,0.0,0.0,0.0,0.0,0.0,0.0
38,0,1,1189,1,1,3,1,4,1,90,3,2,4,1,4735,9867,7,0,15,3,4,2,19,4,4,13,11,2,9,45182,9470,247,1,0,1578.3333333333333,0.65,0,1.0,0.0,0.0,0.0,0.0,0.0,0.0,0.0
29,0,2,942,1,15,1,1,2,0,69,1,1,4,1,2168,26933,0,1,18,3,1,1,6,2,2,5,4,1,3,27318,2168,30,0,0,1084.0,0.7142857142857143,2,1.0,0.0,0.0,0.0,0.0,0.0,0.0,0.0
53,0,2,238,2,1,1,3,4,0,34,3,2,1,2,8381,7507,7,0,20,4,4,0,18,2,4,14,7,8,10,12614,16762,252,3,2,2793.6666666666665,0.7368421052631579,0,0.0,0.0,0.0,0.0,1.0,0.0,0.0,0.0
55,0,2,147,1,20,2,5,2,1,37,3,2,4,1,5415,15972,3,1,19,3,4,1,12,4,3,10,7,0,8,8085,10830,120,3,1,1805.0,0.7692307692307693,3,0.0,0.0,1.0,0.0,0.0,0.0,0.0,0.0
50,0,2,1046,1,10,3,5,4,1,100,2,3,4,2,10496,2755,6,0,15,3,4,0,20,2,3,4,3,1,3,52300,31488,80,2,2,2624.0,0.19047619047619047,0,0.0,0.0,0.0,0.0,0.0,1.0,0.0,0.0
35,0,2,1229,1,8,1,1,4,1,36,4,1,4,1,2269,4892,1,0,19,3,4,0,1,2,3,1,0,0,1,43015,2269,1,1,0,1134.5,0.5,0,0.0,0.0,1.0,0.0,0.0,0.0,0.0,0.0
46,1,2,1254,2,10,3,1,3,0,64,3,3,2,1,7314,14011,5,0,21,4,3,3,14,2,3,8,7,0,7,57684,21942,112,2,1,1828.5,0.5333333333333333,0,0.0,0.0,0.0,0.0,1.0,0.0,0.0,0.0
23,1,2,1320,1,8,1,3,4,1,93,2,1,3,2,3989,20586,1,1,11,3,1,0,5,2,3,5,4,1,2,30360,3989,25,0,0,1994.5,0.8333333333333334,3,0.0,0.0,1.0,0.0,0.0,0.0,0.0,0.0
54,0,2,1217,1,2,4,5,1,0,60,3,3,3,1,13549,24001,9,0,12,3,1,1,16,5,1,4,3,0,3,65718,40647,64,3,2,3387.25,0.23529411764705882,0,0.0,-1.0,0.0,0.0,0.0,0.0,0.0,0.0
25,1,2,867,2,19,2,2,3,1,36,2,1,2,1,2413,18798,1,1,18,3,3,3,1,2,3,1,0,0,0,21675,2413,1,0,0,1206.5,0.5,3,0.0,0.0,0.0,0.0,0.0,-1.0,0.0,0.0
28,0,2,1158,1,9,3,3,4,1,94,3,1,4,1,2070,2613,1,0,23,4,4,1,5,3,2,5,2,0,4,32424,2070,25,0,0,1035.0,0.8333333333333334,0,1.0,0.0,0.0,0.0,0.0,0.0,0.0,0.0
56,0,2,1400,1,7,3,1,4,1,49,1,3,4,2,7260,21698,4,0,11,3,1,0,37,3,2,6,4,0,2,78400,21780,222,3,1,1815.0,0.15789473684210525,0,0.0,0.0,0.0,1.0,0.0,0.0,0.0,0.0
44,1,2,1097,1,10,4,1,3,1,96,3,1,3,2,2936,10826,1,1,11,3,3,0,6,4,3,6,4,0,2,48268,2936,36,2,0,1468.0,0.8571428571428571,3,1.0,0.0,0.0,0.0,0.0,0.0,0.0,0.0
45,0,1,1199,1,7,4,1,1,1,77,4,2,3,1,6434,5118,4,0,17,3,4,1,9,1,3,3,2,0,2,53955,12868,27,2,1,2144.6666666666665,0.3,0,0.0,0.0,0.0,1.0,0.0,0.0,0.0,0.0
38,0,0,152,2,10,3,5,3,0,85,3,2,4,2,5666,19899,1,1,13,3,2,0,6,1,3,5,3,1,3,5776,11332,30,1,1,1888.6666666666667,0.7142857142857143,3,0.0,0.0,0.0,0.0,1.0,0.0,0.0,0.0
48,0,2,1108,1,15,4,4,3,0,65,3,1,1,1,2367,16530,8,0,12,3,4,1,10,3,2,8,2,7,6,53184,2367,80,2,0,1183.5,0.7272727272727273,0,1.0,0.0,0.0,0.0,0.0,0.0,0.0,0.0
33,0,2,1216,2,8,4,2,3,1,39,3,2,3,0,7104,20431,0,0,12,3,4,0,6,3,3,5,0,1,2,40128,14208,30,1,1,2368.0,0.7142857142857143,0,0.0,0.0,0.0,0.0,1.0,0.0,0.0,0.0
40,0,1,580,2,5,4,1,4,1,48,2,3,1,1,10475,23772,5,1,21,4,3,1,20,2,3,18,13,1,12,23200,31425,360,1,2,2618.75,0.8571428571428571,3,0.0,0.0,0.0,0.0,1.0,0.0,0.0,0.0
38,1,2,1180,1,29,1,3,2,1,70,3,2,1,1,6673,11354,7,1,19,3,2,0,17,2,3,1,0,0,0,44840,13346,17,1,1,2224.3333333333335,0.05555555555555555,3,0.0,0.0,0.0,0.0,0.0,1.0,0.0,0.0
41,0,2,930,2,3,3,1,3,1,57,2,2,2,0,8938,12227,2,0,11,3,3,1,14,5,3,5,4,0,4,38130,17876,70,2,2,2979.3333333333335,0.3333333333333333,0,0.0,0.0,0.0,0.0,1.0,0.0,0.0,0.0
39,0,2,170,1,3,2,3,3,1,76,2,2,3,0,3069,10302,0,0,15,3,4,1,11,3,3,10,8,0,7,6630,6138,110,1,0,1023.0,0.8333333333333334,0,0.0,0.0,1.0,0.0,0.0,0.0,0.0,0.0
41,0,0,256,2,10,2,3,3,1,40,1,2,2,2,6151,22074,1,0,13,3,1,0,19,4,3,19,2,11,9,10496,12302,361,2,1,2050.3333333333335,0.95,0,0.0,0.0,0.0,0.0,1.0,0.0,0.0,0.0
33,0,0,722,2,17,3,1,4,1,38,3,4,3,2,17444,20489,1,0,11,3,4,0,10,2,3,10,8,6,0,23826,69776,100,1,2,3488.8,0.9090909090909091,0,0.0,1.0,0.0,0.0,0.0,0.0,0.0,0.0
24,1,1,1287,1,7,3,1,1,0,55,3,1,3,1,2886,14168,1,1,16,3,4,1,6,4,3,6,3,1,2,30888,2886,36,0,0,1443.0,0.8571428571428571,3,0.0,0.0,1.0,0.0,0.0,0.0,0.0,0.0
38,0,2,168,1,1,3,1,3,0,81,3,3,3,2,7861,15397,4,1,14,3,4,0,10,4,4,1,0,0,0,6384,23583,10,1,1,1965.25,0.09090909090909091,4,0.0,0.0,0.0,1.0,0.0,0.0,0.0,0.0
36,0,2,1278,0,8,3,1,1,1,77,2,1,1,1,2342,8635,0,0,21,4,3,0,6,3,3,5,4,0,3,46008,2342,30,1,0,1171.0,0.7142857142857143,0,0.0,0.0,1.0,0.0,0.0,0.0,0.0,0.0
29,0,1,1413,2,1,1,3,2,0,42,3,3,4,1,7918,6599,1,0,14,3,4,1,11,5,3,11,10,4,1,40977,23754,121,0,1,1979.5,0.9166666666666666,0,0.0,0.0,0.0,0.0,1.0,0.0,0.0,0.0
33,0,2,461,1,13,1,1,2,0,53,3,1,4,2,3452,17241,3,0,18,3,1,0,5,4,3,3,2,0,2,15213,3452,15,1,0,1726.0,0.5,0,1.0,0.0,0.0,0.0,0.0,0.0,0.0,0.0
29,0,2,986,1,3,4,3,2,1,93,2,3,3,1,11935,21526,1,0,18,3,3,0,10,2,3,10,2,0,7,28594,35805,100,0,2,2983.75,0.9090909090909091,0,0.0,-1.0,0.0,0.0,0.0,0.0,0.0,0.0
37,1,2,807,0,6,4,0,3,1,63,3,1,1,0,2073,23648,4,1,22,4,4,0,7,3,3,3,2,0,2,29859,2073,21,1,0,1036.5,0.375,3,0.0,0.0,1.0,0.0,0.0,0.0,0.0,0.0
38,0,2,343,1,15,2,1,3,1,92,2,3,4,0,11510,15682,0,1,14,3,2,1,12,3,3,11,10,2,9,13034,34530,132,1,2,2877.5,0.8461538461538461,3,0.0,-1.0,0.0,0.0,0.0,0.0,0.0,0.0
45,0,0,1238,1,1,1,1,3,1,74,2,3,3,1,10748,3395,3,0,23,4,4,1,25,3,2,23,15,14,4,55710,32244,575,2,2,2687.0,0.8846153846153846,0,0.0,0.0,0.0,0.0,0.0,1.0,0.0,0.0
24,0,0,1092,1,9,3,1,3,1,60,2,1,2,0,2694,26551,1,0,11,3,3,3,1,4,3,1,0,0,0,26208,2694,1,0,0,1347.0,0.5,0,0.0,0.0,1.0,0.0,0.0,0.0,0.0,0.0
36,0,2,938,1,2,4,3,3,1,79,3,1,3,2,2519,12287,4,0,21,4,3,0,16,6,3,11,8,3,9,33768,2519,176,1,0,1259.5,0.6470588235294118,0,0.0,0.0,1.0,0.0,0.0,0.0,0.0,0.0
24,0,0,673,1,11,2,4,1,0,96,4,2,3,0,4011,8232,0,0,18,3,4,1,5,5,2,4,2,1,3,16152,8022,20,0,0,1337.0,0.6666666666666666,0,0.0,0.0,0.0,1.0,0.0,0.0,0.0,0.0
35,0,2,607,1,9,3,1,4,0,66,2,3,3,1,10685,23457,1,1,20,4,2,1,17,2,3,17,14,5,15,21245,32055,289,1,2,2671.25,0.9444444444444444,3,0.0,0.0,0.0,1.0,0.0,0.0,0.0,0.0
52,0,1,890,1,25,4,3,3,0,81,2,4,4,1,13826,19028,3,0,22,4,3,0,31,3,3,9,8,0,0,46280,55304,279,3,2,2765.2,0.28125,0,0.0,0.0,0.0,1.0,0.0,0.0,0.0,0.0
54,0,2,376,1,19,4,3,4,0,95,3,2,1,0,5485,22670,9,1,11,3,2,2,9,4,3,5,3,1,4,20304,10970,45,3,1,1828.3333333333333,0.5,3,0.0,0.0,0.0,1.0,0.0,0.0,0.0,0.0
45,0,2,1339,1,7,3,1,2,1,59,3,3,1,0,9724,18787,2,0,17,3,3,1,25,2,3,1,0,0,0,60255,29172,25,2,2,2431.0,0.038461538461538464,0,1.0,0.0,0.0,0.0,0.0,0.0,0.0,0.0
39,0,2,1387,1,10,5,3,2,1,76,3,2,1,1,5377,3835,2,0,13,3,4,3,10,3,3,7,7,7,7,54093,10754,70,1,1,1792.3333333333333,0.6363636363636364,0,0.0,0.0,0.0,1.0,0.0,0.0,0.0,0.0
45,0,2,561,2,2,3,4,4,1,61,3,2,2,1,4805,16177,0,0,19,3,2,1,9,3,4,8,7,3,7,25245,9610,72,2,0,1601.6666666666667,0.8,0,0.0,0.0,0.0,0.0,1.0,0.0,0.0,0.0
35,1,1,130,1,25,4,1,4,0,96,3,1,2,0,2022,16612,1,1,19,3,1,1,10,3,2,10,2,7,8,4550,2022,100,1,0,1011.0,0.9090909090909091,2,1.0,0.0,0.0,0.0,0.0,0.0,0.0,0.0
39,0,2,117,1,10,1,3,3,1,99,3,4,1,1,17068,5355,1,1,14,3,4,0,21,3,3,21,9,11,10,4563,68272,441,1,2,3413.6,0.9545454545454546,3,0.0,1.0,0.0,0.0,0.0,0.0,0.0,0.0
34,0,2,254,1,1,2,1,2,1,83,2,1,4,1,3622,22794,1,1,13,3,4,1,6,3,3,6,5,1,3,8636,3622,36,1,0,1811.0,0.8571428571428571,3,1.0,0.0,0.0,0.0,0.0,0.0,0.0,0.0
45,0,0,1052,2,6,3,3,4,0,57,2,3,4,2,8865,16840,6,0,12,3,4,0,23,2,3,19,7,12,8,47340,26595,437,2,2,2216.25,0.7916666666666666,0,0.0,0.0,0.0,0.0,1.0,0.0,0.0,0.0
25,0,2,309,0,2,3,0,3,0,82,3,1,2,1,2187,19655,4,0,14,3,3,0,6,3,3,2,0,1,2,7725,2187,12,0,0,1093.5,0.2857142857142857,0,0.0,0.0,1.0,0.0,0.0,0.0,0.0,0.0
37,0,0,728,1,1,4,3,1,0,80,3,3,4,0,13603,11677,2,1,18,3,1,2,15,2,3,5,2,0,2,26936,40809,75,1,2,3400.75,0.3125,3,0.0,-1.0,0.0,0.0,0.0,0.0,0.0,0.0
22,1,2,1294,1,8,1,3,3,0,79,3,1,1,1,2398,15999,1,1,17,3,3,0,1,6,3,1,0,0,0,28468,2398,1,0,0,1199.0,0.5,3,0.0,0.0,1.0,0.0,0.0,0.0,0.0,0.0
45,0,2,1015,1,5,5,3,3,0,50,1,2,1,2,5769,23447,1,1,14,3,1,0,10,3,3,10,7,1,4,45675,11538,100,2,1,1923.0,0.9090909090909091,3,0.0,0.0,1.0,0.0,0.0,0.0,0.0,0.0
42,0,1,288,1,2,3,1,4,1,40,3,3,4,1,10124,18611,2,1,14,3,3,1,24,3,1,20,8,13,9,12096,30372,480,2,2,2531.0,0.8,1,0.0,0.0,0.0,0.0,0.0,1.0,0.0,0.0
34,0,2,629,1,27,2,3,4,0,95,3,1,2,2,2311,5711,2,0,15,3,4,0,9,3,3,3,2,1,2,21386,2311,27,1,0,1155.5,0.3,0,1.0,0.0,0.0,0.0,0.0,0.0,0.0,0.0
34,0,2,167,1,8,5,1,2,0,32,3,2,1,0,5121,4187,3,0,14,3,3,1,7,3,3,0,0,0,0,5678,10242,0,1,1,1707.0,0.0,0,0.0,0.0,0.0,1.0,0.0,0.0,0.0,0.0
49,0,2,809,1,1,3,1,3,1,36,3,4,3,2,15379,22384,4,0,14,3,1,0,23,2,3,8,7,0,0,39641,61516,184,2,2,3075.8,0.3333333333333333,0,0.0,1.0,0.0,0.0,0.0,0.0,0.0,0.0
36,0,2,1223,1,8,3,5,3,0,59,3,3,3,0,10096,8202,1,0,13,3,2,3,17,2,3,17,14,12,8,44028,30288,289,1,2,2524.0,0.9444444444444444,0,0.0,0.0,0.0,0.0,0.0,1.0,0.0,0.0
29,0,2,665,1,15,3,1,3,1,60,3,1,4,2,2340,22673,1,0,19,3,1,0,6,1,3,6,5,1,5,19285,2340,36,0,0,1170.0,0.8571428571428571,0,1.0,0.0,0.0,0.0,0.0,0.0,0.0,0.0
27,0,2,199,1,6,3,1,4,1,55,2,1,3,1,2539,7950,1,0,13,3,3,1,4,0,3,4,2,2,2,5373,2539,16,0,0,1269.5,0.8,0,1.0,0.0,0.0,0.0,0.0,0.0,0.0,0.0
36,0,1,1213,0,2,1,0,2,1,94,2,2,4,2,3886,4223,1,0,21,4,4,0,10,2,2,10,1,0,8,43668,7772,100,1,0,1295.3333333333333,0.9090909090909091,0,0.0,0.0,1.0,0.0,0.0,0.0,0.0,0.0
35,0,2,660,2,7,1,1,4,1,76,3,1,3,1,2404,16192,1,0,13,3,1,1,1,3,3,1,0,0,0,23100,2404,1,1,0,1202.0,0.5,0,0.0,0.0,0.0,0.0,0.0,-1.0,0.0,0.0
43,0,1,313,1,21,3,3,4,1,61,3,1,4,1,2258,15238,7,0,20,4,1,1,8,1,3,3,2,1,2,13459,2258,24,2,0,1129.0,0.3333333333333333,0,0.0,0.0,1.0,0.0,0.0,0.0,0.0,0.0
35,0,2,992,1,1,3,3,4,1,68,2,1,1,2,2450,21731,1,0,19,3,2,0,3,3,3,3,0,1,2,34720,2450,9,1,0,1225.0,0.75,0,0.0,0.0,1.0,0.0,0.0,0.0,0.0,0.0
53,0,1,124,2,2,3,2,3,0,38,2,3,2,1,7525,23537,2,0,12,3,1,1,30,2,3,15,7,6,12,6572,22575,450,3,1,1881.25,0.4838709677419355,0,0.0,0.0,0.0,0.0,1.0,0.0,0.0,0.0
31,0,2,525,2,6,4,3,1,1,66,4,2,4,0,5460,6219,4,0,22,4,4,2,13,4,4,7,7,5,7,16275,10920,91,1,1,1820.0,0.5,0,0.0,0.0,0.0,0.0,1.0,0.0,0.0,0.0
50,0,1,333,1,22,5,3,3,1,88,1,4,4,2,14411,24450,1,1,13,3,4,0,32,2,3,32,6,13,9,16650,57644,1024,2,2,2882.2,0.9696969696969697,3,0.0,-1.0,0.0,0.0,0.0,0.0,0.0,0.0
25,0,2,949,1,1,3,5,1,1,81,3,1,4,1,3229,4910,4,0,11,3,2,1,7,2,2,3,2,0,2,23725,3229,21,0,0,1614.5,0.375,0,0.0,0.0,1.0,0.0,0.0,0.0,0.0,0.0
39,0,2,613,1,6,1,3,4,1,42,2,3,1,1,9991,21457,4,0,15,3,1,1,9,5,3,7,7,1,7,23907,29973,63,1,2,2497.75,0.7,0,0.0,0.0,0.0,0.0,0.0,1.0,0.0,0.0
34,0,2,419,1,7,4,1,1,0,53,3,3,2,2,11994,21293,0,0,11,3,3,0,13,4,3,12,6,2,11,14246,35982,156,1,2,2998.5,0.8571428571428571,0,0.0,-1.0,0.0,0.0,0.0,0.0,0.0,0.0
35,0,2,950,1,7,3,4,3,1,59,3,3,3,2,10221,18869,3,0,21,4,2,0,17,3,4,8,5,1,6,33250,30663,136,1,2,2555.25,0.4444444444444444,0,0.0,0.0,0.0,1.0,0.0,0.0,0.0,0.0
20,0,2,805,1,3,3,1,1,1,87,2,1,3,2,3033,12828,1,0,12,3,1,0,2,2,2,2,2,1,2,16100,3033,4,0,0,1516.5,0.6666666666666666,0,0.0,0.0,1.0,0.0,0.0,0.0,0.0,0.0
27,0,2,591,1,2,1,3,1,1,40,3,1,2,1,3468,16632,9,0,12,3,4,1,6,3,3,2,2,2,2,15957,3468,12,0,0,1734.0,0.2857142857142857,0,0.0,0.0,1.0,0.0,0.0,0.0,0.0,0.0
27,0,2,1377,2,2,3,1,4,1,74,3,2,3,2,4478,5242,1,1,11,3,1,0,5,3,3,5,4,0,4,37179,8956,25,0,0,1492.6666666666667,0.8333333333333334,3,0.0,0.0,0.0,0.0,1.0,0.0,0.0,0.0
52,0,2,1053,1,1,2,1,4,1,70,3,4,4,1,17099,13829,2,0,15,3,2,1,26,2,2,9,8,7,8,54756,68396,234,3,2,3419.8,0.3333333333333333,0,0.0,1.0,0.0,0.0,0.0,0.0,0.0,0.0
32,0,1,116,1,13,3,4,3,0,77,2,1,2,1,2743,7331,1,0,20,4,3,1,2,2,3,2,2,2,2,3712,2743,4,1,0,1371.5,0.6666666666666666,0,0.0,0.0,1.0,0.0,0.0,0.0,0.0,0.0
50,0,2,1099,1,29,4,1,2,1,88,2,4,3,1,17046,9314,0,0,15,3,2,1,28,2,3,27,10,15,7,54950,68184,756,2,2,3409.2,0.9310344827586207,0,0.0,1.0,0.0,0.0,0.0,0.0,0.0,0.0
49,0,1,636,1,10,4,1,3,0,35,3,5,1,2,18665,25594,9,1,11,3,4,0,22,4,3,3,2,1,2,31164,93325,66,2,2,3110.8333333333335,0.13043478260869565,3,0.0,-1.0,0.0,0.0,0.0,0.0,0.0,0.0
32,1,2,374,1,25,4,1,1,1,87,3,1,4,2,2795,18016,1,1,24,4,3,0,1,2,1,1,0,0,1,11968,2795,1,1,0,1397.5,0.5,1,0.0,0.0,1.0,0.0,0.0,0.0,0.0,0.0
34,0,1,135,1,19,3,3,3,0,46,3,2,2,0,4444,22534,4,0,13,3,3,2,15,2,4,11,8,5,10,4590,8888,165,1,0,1481.3333333333333,0.6875,0,0.0,0.0,1.0,0.0,0.0,0.0,0.0,0.0
36,0,2,922,1,3,2,1,1,0,39,3,1,4,0,2835,2561,5,0,22,4,1,1,7,2,3,1,0,0,0,33192,2835,7,1,0,1417.5,0.125,0,0.0,0.0,1.0,0.0,0.0,0.0,0.0,0.0
52,0,2,994,1,7,4,1,2,1,87,3,3,2,2,10445,15322,7,0,19,3,4,0,18,4,3,8,6,4,0,51688,31335,144,3,2,2611.25,0.42105263157894735,0,0.0,0.0,0.0,0.0,0.0,1.0,0.0,0.0
30,0,2,1427,1,2,1,3,2,1,35,2,1,4,2,2720,11162,0,0,13,3,4,0,6,3,3,5,3,1,2,42810,2720,30,0,0,1360.0,0.7142857142857143,0,0.0,0.0,1.0,0.0,0.0,0.0,0.0,0.0
58,0,0,350,2,2,3,3,2,1,52,3,4,2,0,16291,22577,4,0,22,4,4,1,37,0,2,16,9,14,14,20300,65164,592,3,2,3258.2,0.42105263157894735,0,0.0,1.0,0.0,0.0,0.0,0.0,0.0,0.0
42,0,1,570,1,8,3,1,2,1,66,3,5,4,0,18430,16225,1,0,13,3,2,1,24,4,2,24,7,14,9,23940,92150,576,2,2,3071.6666666666665,0.96,0,0.0,1.0,0.0,0.0,0.0,0.0,0.0,0.0
49,0,2,1313,2,11,4,2,4,0,80,3,2,4,2,4507,8191,3,0,12,3,3,0,8,1,4,5,1,0,4,64337,9014,40,2,0,1502.3333333333333,0.5555555555555556,0,0.0,0.0,0.0,0.0,1.0,0.0,0.0,0.0
43,0,2,415,2,25,3,3,3,1,79,2,3,4,0,10798,5268,5,0,13,3,3,1,18,5,3,1,0,0,0,17845,32394,18,2,2,2699.5,0.05263157894736842,0,0.0,0.0,0.0,0.0,1.0,0.0,0.0,0.0
40,0,2,896,1,2,3,3,3,1,68,3,1,3,0,2345,8045,2,0,14,3,3,1,8,3,4,3,1,1,2,35840,2345,24,1,0,1172.5,0.3333333333333333,0,1.0,0.0,0.0,0.0,0.0,0.0,0.0,0.0
55,0,2,452,1,1,3,3,4,1,81,3,5,1,2,19045,18938,0,1,14,3,3,0,37,2,3,36,10,4,13,24860,95225,1332,3,2,3174.1666666666665,0.9473684210526315,3,0.0,1.0,0.0,0.0,0.0,0.0,0.0,0.0
32,0,1,1311,1,7,3,1,2,1,100,4,1,2,1,2794,26062,1,0,20,4,3,0,5,3,1,5,1,0,3,41952,2794,25,1,0,1397.0,0.8333333333333334,0,0.0,0.0,1.0,0.0,0.0,0.0,0.0,0.0
55,0,0,444,1,2,1,3,3,1,40,2,4,1,2,16756,17323,7,0,15,3,2,0,31,3,4,9,7,6,2,24420,67024,279,3,2,3351.2,0.28125,0,0.0,1.0,0.0,0.0,0.0,0.0,0.0,0.0
31,0,2,192,1,2,4,1,3,1,32,3,1,4,0,2695,7747,0,1,18,3,2,1,3,2,1,2,2,2,2,5952,2695,6,1,0,1347.5,0.5,1,1.0,0.0,0.0,0.0,0.0,0.0,0.0,0.0
43,0,2,990,1,27,3,5,4,1,87,4,1,2,0,4876,5855,5,0,12,3,3,1,8,0,3,6,4,0,2,42570,4876,48,2,0,2438.0,0.6666666666666666,0,0.0,0.0,1.0,0.0,0.0,0.0,0.0,0.0
34,0,2,404,1,2,4,5,3,0,98,3,2,4,2,6687,6163,1,0,11,3,4,0,14,2,4,14,11,4,11,13736,13374,196,1,1,2229.0,0.9333333333333333,0,0.0,0.0,0.0,0.0,0.0,1.0,0.0,0.0
40,0,2,804,1,2,1,3,4,0,86,2,1,4,2,2342,22929,0,1,20,4,4,0,5,2,2,4,2,2,3,32160,2342,20,1,0,1171.0,0.6666666666666666,2,1.0,0.0,0.0,0.0,0.0,0.0,0.0,0.0
42,0,0,335,1,23,2,1,4,1,37,2,2,3,2,4332,14811,1,0,12,3,4,0,20,2,3,20,9,3,7,14070,8664,400,2,0,1444.0,0.9523809523809523,0,1.0,0.0,0.0,0.0,0.0,0.0,0.0,0.0
28,0,2,580,1,27,3,3,2,0,39,1,2,1,0,4877,20460,0,0,21,4,2,1,6,5,2,5,3,0,0,16240,9754,30,0,0,1625.6666666666667,0.7142857142857143,0,0.0,0.0,0.0,1.0,0.0,0.0,0.0,0.0
40,0,1,720,1,16,4,3,1,1,51,2,2,3,2,5094,11983,6,0,14,3,4,0,10,6,3,1,0,0,0,28800,10188,10,1,1,1698.0,0.09090909090909091,0,0.0,0.0,1.0,0.0,0.0,0.0,0.0,0.0
35,0,2,1343,1,27,1,3,3,0,53,2,1,1,2,2559,17852,1,0,11,3,4,0,6,3,2,6,5,1,1,47005,2559,36,1,0,1279.5,0.8571428571428571,0,1.0,0.0,0.0,0.0,0.0,0.0,0.0,0.0
32,1,2,1089,1,7,2,1,4,1,79,3,2,3,1,4883,22845,1,0,18,3,1,1,10,3,3,10,4,1,1,34848,9766,100,1,0,1627.6666666666667,0.9090909090909091,0,0.0,0.0,1.0,0.0,0.0,0.0,0.0,0.0
34,0,2,1153,1,1,2,3,1,1,94,3,2,2,1,4325,17736,1,0,15,3,3,0,5,2,3,5,2,1,3,39202,8650,25,1,0,1441.6666666666667,0.8333333333333334,0,0.0,0.0,0.0,1.0,0.0,0.0,0.0,0.0
35,1,2,104,1,2,3,1,1,0,69,3,1,1,0,2074,26619,1,1,12,3,4,1,1,2,3,1,0,0,0,3640,2074,1,1,0,1037.0,0.5,3,0.0,0.0,1.0,0.0,0.0,0.0,0.0,0.0
20,0,2,1141,2,2,3,3,3,0,31,3,1,3,2,2783,13251,1,0,19,3,1,0,2,3,3,2,2,2,2,22820,2783,4,0,0,1391.5,0.6666666666666666,0,0.0,0.0,0.0,0.0,0.0,-1.0,0.0,0.0
52,0,2,1490,1,4,2,1,4,0,30,3,4,4,1,16555,10310,2,0,13,3,4,0,31,2,1,5,2,1,4,77480,66220,155,3,2,3311.0,0.15625,0,0.0,1.0,0.0,0.0,0.0,0.0,0.0,0.0
49,0,2,271,1,3,2,3,3,0,43,2,2,1,1,4789,23070,4,0,25,4,1,1,10,3,3,3,2,1,2,13279,9578,30,2,0,1596.3333333333333,0.2727272727272727,0,0.0,0.0,1.0,0.0,0.0,0.0,0.0,0.0
44,0,0,981,1,5,3,1,3,1,90,2,1,3,2,3162,7973,3,0,14,3,4,0,7,5,3,5,2,0,3,43164,3162,35,2,0,1581.0,0.625,0,0.0,0.0,1.0,0.0,0.0,0.0,0.0,0.0
36,0,0,1229,2,8,4,5,1,1,84,3,2,4,0,5079,25952,4,0,13,3,4,2,12,3,3,7,7,0,7,44244,10158,84,1,1,1693.0,0.5384615384615384,0,0.0,0.0,0.0,0.0,1.0,0.0,0.0,0.0
32,0,2,634,1,5,4,4,2,0,35,4,1,4,1,3312,18783,3,0,17,3,4,2,6,3,3,3,2,0,2,20288,3312,18,1,0,1656.0,0.42857142857142855,0,1.0,0.0,0.0,0.0,0.0,0.0,0.0,0.0
22,0,2,581,1,1,2,1,4,1,63,3,1,3,2,3375,17624,0,0,12,3,4,0,4,2,4,3,2,1,2,12782,3375,12,0,0,1687.5,0.6,0,1.0,0.0,0.0,0.0,0.0,0.0,0.0,0.0
37,0,2,367,1,25,2,3,3,0,52,2,2,4,0,5731,17171,7,0,13,3,3,2,9,2,3,6,2,1,3,13579,11462,54,1,1,1910.3333333333333,0.6,0,0.0,0.0,0.0,0.0,0.0,1.0,0.0,0.0
30,0,0,1116,1,2,3,3,3,0,49,3,1,4,2,2564,7181,0,0,14,3,3,0,12,2,2,11,7,6,7,33480,2564,132,0,0,1282.0,0.8461538461538461,0,0.0,0.0,1.0,0.0,0.0,0.0,0.0,0.0
33,0,2,589,1,28,4,1,2,1,79,3,2,3,1,5207,22949,1,1,12,3,2,1,15,3,3,15,14,5,7,19437,10414,225,1,1,1735.6666666666667,0.9375,3,0.0,0.0,1.0,0.0,0.0,0.0,0.0,0.0
41,0,2,337,2,8,3,2,3,0,54,3,2,2,1,4393,26841,5,0,21,4,3,1,14,3,3,5,4,1,4,13817,8786,70,2,0,1464.3333333333333,0.3333333333333333,0,0.0,0.0,0.0,0.0,1.0,0.0,0.0,0.0
41,0,2,582,1,28,4,1,1,0,60,2,4,2,1,13570,5640,0,0,23,4,3,1,21,3,3,20,7,0,10,23862,54280,420,2,2,2714.0,0.9090909090909091,0,0.0,0.0,0.0,1.0,0.0,0.0,0.0,0.0
29,0,1,490,1,10,3,1,4,0,61,3,1,2,0,3291,17940,0,0,14,3,4,2,8,2,2,7,5,1,1,14210,3291,56,0,0,1645.5,0.7777777777777778,0,1.0,0.0,0.0,0.0,0.0,0.0,0.0,0.0
51,0,2,1178,2,14,2,1,3,0,87,3,2,4,1,4936,14862,4,0,11,3,3,1,18,2,2,7,7,0,7,60078,9872,126,3,1,1645.3333333333333,0.3684210526315789,0,0.0,0.0,0.0,0.0,1.0,0.0,0.0,0.0
53,1,2,1168,2,24,4,1,1,1,66,3,3,1,2,10448,5843,6,1,13,3,2,0,15,2,2,2,2,2,2,61904,31344,30,3,2,2612.0,0.125,2,0.0,0.0,0.0,0.0,1.0,0.0,0.0,0.0
43,0,2,177,1,8,3,1,1,0,55,3,2,2,0,4765,23814,4,0,21,4,3,1,4,2,4,1,0,0,0,7611,9530,4,2,0,1588.3333333333333,0.2,0,0.0,0.0,0.0,1.0,0.0,0.0,0.0,0.0
29,1,1,746,2,24,3,5,3,1,45,4,1,1,2,1091,10642,1,0,17,3,4,0,1,3,3,1,0,0,0,21634,1091,1,0,0,545.5,0.5,0,0.0,0.0,0.0,0.0,0.0,-1.0,0.0,0.0
32,0,1,430,1,24,4,1,1,1,80,3,2,4,1,5309,21146,1,0,15,3,4,2,10,2,3,10,8,4,7,13760,10618,100,1,1,1769.6666666666667,0.9090909090909091,0,0.0,0.0,1.0,0.0,0.0,0.0,0.0,0.0
28,1,2,1434,1,5,4,5,3,1,50,3,1,3,2,3441,11179,1,1,13,3,3,0,2,3,2,2,2,2,2,40152,3441,4,0,0,1720.5,0.6666666666666666,2,0.0,0.0,1.0,0.0,0.0,0.0,0.0,0.0
27,1,2,135,1,17,4,1,4,0,51,3,1,3,2,2394,25681,1,1,13,3,4,0,8,2,3,8,2,7,7,3645,2394,64,0,0,1197.0,0.8888888888888888,3,1.0,0.0,0.0,0.0,0.0,0.0,0.0,0.0
35,0,1,944,2,1,3,2,3,0,92,3,3,3,2,8789,9096,1,0,14,3,1,0,10,3,4,10,7,0,8,33040,26367,100,1,2,2197.25,0.9090909090909091,0,0.0,0.0,0.0,0.0,1.0,0.0,0.0,0.0
42,0,2,932,1,1,2,1,4,0,43,2,2,4,1,6062,4051,9,1,13,3,4,1,8,4,3,4,3,0,2,39144,12124,32,2,1,2020.6666666666667,0.4444444444444444,3,0.0,0.0,0.0,1.0,0.0,0.0,0.0,0.0
34,0,2,1354,1,5,3,3,3,0,45,2,3,1,2,11631,5615,2,0,12,3,4,0,14,6,3,11,10,5,8,46036,34893,154,1,2,2907.75,0.7333333333333333,0,0.0,1.0,0.0,0.0,0.0,0.0,0.0,0.0
25,0,2,141,2,3,1,4,3,1,98,3,2,1,1,4194,14363,1,1,18,3,4,0,5,3,3,5,3,0,3,3525,8388,25,0,0,1398.0,0.8333333333333334,3,0.0,0.0,0.0,0.0,1.0,0.0,0.0,0.0
34,0,2,1346,1,19,2,3,2,1,93,3,1,4,0,2661,8758,0,0,11,3,3,1,3,2,3,2,2,1,2,45764,2661,6,1,0,1330.5,0.5,0,0.0,0.0,1.0,0.0,0.0,0.0,0.0,0.0
27,0,2,798,1,6,4,3,1,0,66,2,1,3,0,2187,5013,0,0,12,3,3,2,6,5,2,5,3,0,3,21546,2187,30,0,0,1093.5,0.7142857142857143,0,1.0,0.0,0.0,0.0,0.0,0.0,0.0,0.0
34,1,1,234,1,9,4,1,4,1,93,3,2,1,1,5346,6208,4,0,17,3,3,1,11,3,2,7,1,0,7,7956,10692,77,1,1,1782.0,0.5833333333333334,0,0.0,0.0,1.0,0.0,0.0,0.0,0.0,0.0
33,1,2,813,1,14,3,3,3,1,58,3,1,4,1,2436,22149,5,1,13,3,3,1,8,2,1,5,4,0,4,26829,2436,40,1,0,1218.0,0.5555555555555556,1,0.0,0.0,1.0,0.0,0.0,0.0,0.0,0.0
27,0,2,1302,1,19,3,4,4,1,67,2,1,1,0,4066,16290,1,0,11,3,1,2,7,3,3,7,7,0,7,35154,4066,49,0,0,2033.0,0.875,0,0.0,0.0,1.0,0.0,0.0,0.0,0.0,0.0
35,0,2,982,1,1,4,3,4,1,58,2,1,3,1,2258,16340,6,0,12,3,2,1,10,2,3,8,0,1,7,34370,2258,80,1,0,1129.0,0.7272727272727273,0,0.0,0.0,1.0,0.0,0.0,0.0,0.0,0.0
35,0,2,662,2,1,5,2,3,1,94,3,3,2,1,7295,11439,1,0,13,3,1,2,10,3,3,10,8,0,6,23170,21885,100,1,1,1823.75,0.9090909090909091,0,0.0,0.0,0.0,0.0,1.0,0.0,0.0,0.0
23,0,2,977,1,10,3,5,4,1,45,4,1,3,1,2073,12826,2,0,16,3,4,1,4,2,3,2,2,2,2,22471,2073,8,0,0,1036.5,0.4,0,1.0,0.0,0.0,0.0,0.0,0.0,0.0,0.0
45,0,2,538,1,1,4,5,1,1,66,3,3,2,0,7441,20933,1,0,12,3,1,3,10,4,3,10,8,7,7,24210,22323,100,2,1,1860.25,0.9090909090909091,0,0.0,0.0,0.0,0.0,0.0,1.0,0.0,0.0
31,1,1,307,1,29,2,3,3,1,71,2,1,2,2,3479,11652,0,0,11,3,2,0,6,2,4,5,4,1,4,9517,3479,30,1,0,1739.5,0.7142857142857143,0,0.0,0.0,1.0,0.0,0.0,0.0,0.0,0.0
47,0,0,1162,1,1,1,3,3,0,98,3,3,2,1,11957,17231,0,0,18,3,1,2,14,3,1,13,8,5,12,54614,35871,182,2,2,2989.25,0.8666666666666667,0,0.0,-1.0,0.0,0.0,0.0,0.0,0.0,0.0
46,0,2,488,2,2,3,5,3,0,75,1,4,2,1,16872,14977,3,1,12,3,2,1,28,2,2,7,7,7,7,22448,67488,196,2,2,3374.4,0.2413793103448276,2,0.0,1.0,0.0,0.0,0.0,0.0,0.0,0.0
42,0,2,916,1,17,2,1,4,0,82,4,2,1,2,6545,23016,3,1,13,3,3,0,10,1,3,3,2,0,2,38472,13090,30,2,1,2181.6666666666665,0.2727272727272727,3,1.0,0.0,0.0,0.0,0.0,0.0,0.0,0.0
35,1,1,662,2,18,4,2,4,0,67,3,2,3,1,4614,23288,0,1,18,3,3,1,5,0,2,4,2,3,2,23170,9228,20,1,0,1538.0,0.6666666666666666,2,0.0,0.0,0.0,0.0,1.0,0.0,0.0,0.0
55,0,2,1311,1,2,3,1,3,0,97,3,4,4,2,16659,23258,2,1,13,3,3,0,30,2,3,5,4,1,2,72105,66636,150,3,2,3331.8,0.16129032258064516,3,0.0,1.0,0.0,0.0,0.0,0.0,0.0,0.0
34,0,1,648,0,11,3,1,3,1,56,2,2,2,1,4490,21833,4,0,11,3,4,2,14,5,4,10,9,1,8,22032,8980,140,1,0,1496.6666666666667,0.6666666666666666,0,0.0,0.0,1.0,0.0,0.0,0.0,0.0,0.0
45,0,2,193,1,6,4,4,4,1,52,3,3,1,1,13245,15067,4,1,14,3,2,0,17,3,4,0,0,0,0,8685,39735,0,2,2,3311.25,0.0,4,0.0,-1.0,0.0,0.0,0.0,0.0,0.0,0.0
32,0,0,1146,1,15,4,3,3,0,34,3,2,4,0,6667,16542,5,0,18,3,2,1,9,6,3,5,1,1,2,36672,13334,45,1,1,2222.3333333333335,0.5,0,0.0,0.0,0.0,0.0,0.0,1.0,0.0,0.0
51,0,2,770,0,5,3,1,3,1,84,3,4,2,0,14026,17588,1,1,11,3,2,1,33,2,3,33,9,0,10,39270,56104,1089,3,2,2805.2,0.9705882352941176,3,0.0,1.0,0.0,0.0,0.0,0.0,0.0,0.0
30,0,0,1400,1,3,3,1,3,1,53,3,1,4,1,2097,16734,4,0,15,3,3,1,9,3,1,5,3,1,4,42000,2097,45,0,0,1048.5,0.5,0,0.0,0.0,1.0,0.0,0.0,0.0,0.0,0.0
37,0,0,1252,2,19,2,3,1,1,32,3,3,2,2,7642,4814,1,1,13,3,4,0,10,2,3,10,0,0,9,46324,22926,100,1,1,1910.5,0.9090909090909091,3,0.0,0.0,0.0,0.0,1.0,0.0,0.0,0.0
34,0,1,1003,1,2,2,1,4,1,95,3,2,3,2,4033,15834,2,0,11,3,4,0,5,3,2,3,2,0,2,34102,8066,15,1,0,1344.3333333333333,0.5,0,0.0,0.0,0.0,1.0,0.0,0.0,0.0,0.0
54,0,2,157,1,10,3,3,3,0,77,3,2,1,2,4440,25198,6,1,19,3,4,0,9,3,3,5,2,1,4,8478,8880,45,3,0,1480.0,0.5,3,0.0,0.0,0.0,1.0,0.0,0.0,0.0,0.0
49,1,1,1475,1,28,2,1,1,1,97,2,2,1,2,4284,22710,3,0,20,4,1,0,20,2,3,4,3,1,3,72275,8568,80,2,0,1428.0,0.19047619047619047,0,0.0,0.0,1.0,0.0,0.0,0.0,0.0,0.0
28,0,1,773,1,6,3,1,3,1,39,2,1,3,0,2703,22088,1,1,14,3,4,1,3,2,3,3,1,0,2,21644,2703,9,0,0,1351.5,0.75,3,1.0,0.0,0.0,0.0,0.0,0.0,0.0,0.0
38,0,2,437,2,16,3,1,2,0,90,3,2,2,2,4198,16379,2,0,12,3,2,0,8,5,4,3,2,1,2,16606,8396,24,1,0,1399.3333333333333,0.3333333333333333,0,0.0,0.0,0.0,0.0,1.0,0.0,0.0,0.0
26,1,2,1357,1,25,3,1,1,1,48,1,1,3,2,2293,10558,1,0,12,3,3,0,1,2,2,1,0,0,1,35282,2293,1,0,0,1146.5,0.5,0,0.0,0.0,1.0,0.0,0.0,0.0,0.0,0.0
26,0,0,786,1,7,3,3,4,1,76,3,1,4,2,2570,11925,1,0,20,4,3,0,7,5,3,7,7,5,7,20436,2570,49,0,0,1285.0,0.875,0,0.0,0.0,1.0,0.0,0.0,0.0,0.0,0.0
31,1,1,561,1,3,3,1,4,0,33,3,1,3,2,4084,4156,1,0,12,3,1,0,7,2,1,7,2,7,7,17391,4084,49,1,0,2042.0,0.875,0,1.0,0.0,0.0,0.0,0.0,0.0,0.0,0.0
32,0,2,495,1,10,3,3,3,1,64,3,3,4,2,11244,21072,2,0,25,4,2,0,10,5,4,5,2,0,0,15840,33732,50,1,2,2811.0,0.45454545454545453,0,0.0,1.0,0.0,0.0,0.0,0.0,0.0,0.0
40,0,2,759,2,2,2,2,4,0,46,3,2,2,0,5715,22553,7,0,12,3,3,2,8,5,3,5,4,1,3,30360,11430,40,1,1,1905.0,0.5555555555555556,0,0.0,0.0,0.0,0.0,1.0,0.0,0.0,0.0
58,0,2,848,1,23,4,1,1,1,88,3,1,3,0,2372,26076,1,0,12,3,4,2,2,3,3,2,2,2,2,49184,2372,4,3,0,1186.0,0.6666666666666666,0,1.0,0.0,0.0,0.0,0.0,0.0,0.0,0.0
42,0,2,810,1,23,5,1,1,0,44,3,4,4,2,15992,15901,2,0,14,3,2,0,16,2,3,1,0,0,0,34020,63968,16,2,2,3198.4,0.058823529411764705,0,0.0,-1.0,0.0,0.0,0.0,0.0,0.0,0.0
34,1,2,1107,0,9,4,5,1,0,52,3,1,3,1,2742,3072,1,0,15,3,4,0,2,0,3,2,2,2,2,37638,2742,4,1,0,1371.0,0.6666666666666666,0,0.0,0.0,1.0,0.0,0.0,0.0,0.0,0.0
40,0,2,630,2,4,4,2,3,1,67,2,3,4,1,10855,8552,7,0,11,3,1,1,15,2,2,12,11,2,11,25200,32565,180,1,2,2713.75,0.75,0,0.0,0.0,0.0,0.0,1.0,0.0,0.0,0.0
34,0,2,511,2,3,2,1,4,0,32,1,2,4,2,6029,25353,5,0,12,3,1,0,6,3,3,2,2,2,2,17374,12058,12,1,1,2009.6666666666667,0.2857142857142857,0,0.0,0.0,0.0,0.0,1.0,0.0,0.0,0.0
28,0,0,280,0,1,2,1,3,1,43,3,1,4,0,2706,10494,1,0,15,3,2,1,3,2,3,3,2,2,2,7840,2706,9,0,0,1353.0,0.75,0,0.0,0.0,1.0,0.0,0.0,0.0,0.0,0.0
40,0,1,530,1,1,4,1,3,1,78,2,4,2,1,13503,14115,1,0,22,4,4,1,22,3,2,22,3,11,11,21200,54012,484,1,2,2700.6,0.9565217391304348,0,0.0,0.0,0.0,0.0,0.0,1.0,0.0,0.0
32,0,2,588,2,8,2,5,3,0,65,2,2,2,1,5228,24624,1,1,11,3,4,0,13,2,3,13,12,11,9,18816,10456,169,1,1,1742.6666666666667,0.9285714285714286,3,0.0,0.0,0.0,0.0,1.0,0.0,0.0,0.0
48,0,2,1236,1,1,4,1,4,0,40,2,4,1,1,15402,17997,7,0,11,3,1,1,21,3,1,3,2,0,2,59328,61608,63,2,2,3080.4,0.13636363636363635,0,0.0,1.0,0.0,0.0,0.0,0.0,0.0,0.0
36,0,1,607,2,7,3,2,1,0,83,4,2,1,1,4639,2261,2,0,16,3,4,1,17,2,2,15,7,6,13,21852,9278,255,1,0,1546.3333333333333,0.8333333333333334,0,0.0,0.0,0.0,0.0,1.0,0.0,0.0,0.0
42,0,0,926,1,21,2,3,3,0,36,3,2,3,0,5265,16439,2,0,16,3,2,1,11,5,3,5,3,0,2,38892,10530,55,2,1,1755.0,0.4166666666666667,0,0.0,0.0,0.0,1.0,0.0,0.0,0.0,0.0
58,1,1,781,1,2,1,1,4,1,57,2,1,4,0,2380,13384,9,1,14,3,4,1,3,3,2,1,0,0,0,45298,2380,3,3,0,1190.0,0.25,2,0.0,0.0,1.0,0.0,0.0,0.0,0.0,0.0
34,0,0,1381,2,4,4,2,3,0,72,3,2,3,1,6538,12740,9,0,15,3,1,1,6,3,3,3,2,1,2,46954,13076,18,1,1,2179.3333333333335,0.42857142857142855,0,0.0,0.0,0.0,0.0,1.0,0.0,0.0,0.0
34,0,2,1157,1,5,2,3,2,1,57,2,2,4,1,3986,11912,1,0,14,3,3,1,15,3,4,15,10,4,13,39338,7972,225,1,0,1328.6666666666667,0.9375,0,0.0,0.0,1.0,0.0,0.0,0.0,0.0,0.0
41,0,2,642,1,1,3,1,4,1,76,3,1,4,1,2782,21412,3,0,22,4,1,1,12,3,3,5,3,1,0,26322,2782,60,2,0,1391.0,0.38461538461538464,0,1.0,0.0,0.0,0.0,0.0,0.0,0.0,0.0
35,0,2,735,1,6,1,1,3,1,66,3,1,3,1,3506,6020,0,1,14,3,4,0,4,3,3,3,2,2,2,25725,3506,12,1,0,1753.0,0.6,3,1.0,0.0,0.0,0.0,0.0,0.0,0.0,0.0
30,0,2,1275,1,28,2,3,4,0,64,3,2,4,1,5775,11934,1,0,13,3,4,2,11,2,3,10,8,1,9,38250,11550,110,0,1,1925.0,0.8333333333333334,0,1.0,0.0,0.0,0.0,0.0,0.0,0.0,0.0
26,0,2,652,1,7,3,4,3,1,100,4,1,1,2,3578,23577,0,0,12,3,4,0,8,2,3,7,7,0,7,16952,3578,56,0,0,1789.0,0.7777777777777778,0,0.0,0.0,1.0,0.0,0.0,0.0,0.0,0.0
29,0,2,1107,1,28,4,1,3,0,93,3,1,4,0,2514,26968,4,0,22,4,1,1,11,1,3,7,5,1,7,32103,2514,77,0,0,1257.0,0.5833333333333334,0,1.0,0.0,0.0,0.0,0.0,0.0,0.0,0.0
41,0,2,509,1,7,2,5,2,0,43,4,1,3,1,3376,18863,1,0,13,3,3,0,10,3,3,10,6,0,8,20869,3376,100,2,0,1688.0,0.9090909090909091,0,1.0,0.0,0.0,0.0,0.0,0.0,0.0,0.0
55,0,2,836,1,2,4,5,2,1,98,2,1,4,1,2662,7975,8,0,20,4,2,1,19,2,4,5,2,0,4,45980,2662,95,3,0,1331.0,0.25,0,1.0,0.0,0.0,0.0,0.0,0.0,0.0,0.0
54,0,2,821,1,5,2,3,1,1,86,3,5,1,1,19406,8509,4,0,11,3,3,1,24,4,2,4,2,1,2,44334,97030,96,3,2,3234.3333333333335,0.16,0,0.0,-1.0,0.0,0.0,0.0,0.0,0.0,0.0
39,0,2,466,1,1,1,1,4,0,65,2,4,4,1,12742,7060,1,0,16,3,3,1,21,3,3,21,6,11,8,18174,50968,441,1,2,2548.4,0.9545454545454546,0,0.0,0.0,0.0,1.0,0.0,0.0,0.0,0.0
31,1,1,523,1,2,3,1,2,1,94,3,1,4,1,3722,21081,6,1,13,3,3,1,7,2,1,2,2,2,2,16213,3722,14,1,0,1861.0,0.25,1,0.0,0.0,1.0,0.0,0.0,0.0,0.0,0.0
44,0,2,921,1,2,3,1,3,0,96,4,3,4,1,7879,14810,1,1,19,3,2,1,9,2,3,8,7,6,7,40524,23637,72,2,1,1969.75,0.8,3,0.0,0.0,0.0,0.0,0.0,1.0,0.0,0.0
36,1,2,530,2,3,1,1,3,1,51,2,3,4,1,10325,5518,1,1,11,3,1,1,16,6,3,16,7,3,7,19080,30975,256,1,2,2581.25,0.9411764705882353,3,0.0,0.0,0.0,0.0,1.0,0.0,0.0,0.0
29,0,2,1401,1,6,1,3,2,0,54,3,1,4,1,3131,26342,1,0,13,3,1,1,10,5,3,10,8,0,8,40629,3131,100,0,0,1565.5,0.9090909090909091,0,0.0,0.0,1.0,0.0,0.0,0.0,0.0,0.0
41,0,2,802,2,9,1,1,3,1,96,3,3,3,0,8189,21196,3,1,13,3,3,1,12,2,3,9,7,0,7,32882,24567,108,2,1,2047.25,0.6923076923076923,3,0.0,0.0,0.0,0.0,1.0,0.0,0.0,0.0
52,0,2,956,1,6,2,5,4,1,78,3,2,1,0,5577,22087,3,1,12,3,2,2,18,3,3,10,9,6,9,49712,11154,180,3,1,1859.0,0.5263157894736842,3,1.0,0.0,0.0,0.0,0.0,0.0,0.0,0.0
28,1,2,103,1,24,3,1,3,1,50,2,1,3,2,2028,12947,5,1,14,3,2,0,6,4,3,4,2,0,3,2884,2028,24,0,0,1014.0,0.5714285714285714,3,0.0,0.0,1.0,0.0,0.0,0.0,0.0,0.0
40,1,2,676,1,9,4,1,4,1,86,3,1,1,2,2018,21831,3,0,14,3,2,0,15,3,1,5,4,1,0,27040,2018,75,1,0,1009.0,0.3125,0,0.0,0.0,1.0,0.0,0.0,0.0,0.0,0.0
59,0,2,1435,2,25,3,1,1,0,99,3,3,1,2,7637,2354,7,0,11,3,4,0,28,3,2,21,16,7,9,84665,22911,588,3,1,1909.25,0.7241379310344828,0,0.0,0.0,0.0,0.0,1.0,0.0,0.0,0.0
45,0,2,192,1,10,2,1,1,1,69,3,1,4,1,2654,9655,3,0,21,4,4,2,8,3,2,2,2,0,2,8640,2654,16,2,0,1327.0,0.2222222222222222,0,1.0,0.0,0.0,0.0,0.0,0.0,0.0,0.0
53,0,2,1436,2,6,2,2,2,1,34,3,2,3,1,2306,16047,2,1,20,4,4,1,13,3,1,7,7,4,5,76108,4612,91,3,0,768.6666666666666,0.5,1,0.0,0.0,0.0,0.0,0.0,-1.0,0.0,0.0
46,1,2,377,2,9,3,2,1,1,52,3,3,4,0,10096,15986,4,0,11,3,1,1,28,1,4,7,7,4,3,17342,30288,196,2,2,2524.0,0.2413793103448276,0,0.0,0.0,0.0,0.0,1.0,0.0,0.0,0.0
40,0,2,1171,1,10,4,1,4,0,46,4,1,3,1,2213,22495,3,1,13,3,3,1,10,3,3,7,7,1,7,46840,2213,70,1,0,1106.5,0.6363636363636364,3,0.0,0.0,1.0,0.0,0.0,0.0,0.0,0.0
31,0,2,182,1,8,5,1,1,0,93,3,4,2,2,16422,8847,3,0,11,3,3,0,9,3,4,3,2,1,0,5642,65688,27,1,2,3284.4,0.3,0,0.0,-1.0,0.0,0.0,0.0,0.0,0.0,0.0
42,0,1,555,2,26,3,2,3,0,77,3,4,2,1,13525,14864,5,0,14,3,4,1,23,2,4,20,4,4,8,23310,54100,460,2,2,2705.0,0.8333333333333334,0,0.0,0.0,0.0,0.0,1.0,0.0,0.0,0.0
60,0,2,696,2,7,4,2,2,1,52,4,2,4,0,5220,10893,0,1,18,3,2,1,12,3,3,11,7,1,9,41760,10440,132,3,1,1740.0,0.8461538461538461,3,0.0,0.0,0.0,0.0,1.0,0.0,0.0,0.0
40,0,2,1124,2,1,2,3,2,1,57,1,2,4,1,7457,13273,2,1,22,4,3,3,6,2,2,4,3,0,2,44960,14914,24,1,1,2485.6666666666665,0.5714285714285714,2,0.0,0.0,0.0,0.0,1.0,0.0,0.0,0.0
19,0,2,1181,1,3,1,3,2,0,79,3,1,2,2,1483,16102,1,0,14,3,4,0,1,3,3,1,0,0,0,22439,1483,1,0,0,741.5,0.5,0,0.0,0.0,1.0,0.0,0.0,0.0,0.0,0.0
26,0,2,1349,1,23,3,1,1,0,90,3,1,4,0,2886,3032,1,0,22,4,2,2,3,3,1,3,2,0,2,35074,2886,9,0,0,1443.0,0.75,0,1.0,0.0,0.0,0.0,0.0,0.0,0.0,0.0
45,0,0,805,1,4,2,1,3,1,57,3,2,2,1,4447,23163,1,0,12,3,2,0,9,5,2,9,7,0,8,36225,8894,81,2,0,1482.3333333333333,0.9,0,0.0,0.0,1.0,0.0,0.0,0.0,0.0,0.0
50,0,2,1207,1,28,1,3,4,1,74,4,1,3,1,3221,3297,1,1,11,3,3,3,20,3,3,20,8,3,8,60350,3221,400,2,0,1610.5,0.9523809523809523,3,0.0,0.0,1.0,0.0,0.0,0.0,0.0,0.0
29,1,1,115,2,13,3,5,1,0,51,3,2,2,2,5765,17485,5,0,11,3,1,0,7,4,1,5,3,0,0,3335,11530,35,0,1,1921.6666666666667,0.625,0,0.0,0.0,0.0,0.0,1.0,0.0,0.0,0.0
28,0,2,1476,1,16,2,3,2,1,68,4,2,1,2,5661,4824,0,0,19,3,3,0,9,2,3,8,3,0,7,41328,11322,72,0,1,1887.0,0.8,0,0.0,0.0,0.0,0.0,0.0,1.0,0.0,0.0
40,0,1,902,1,26,2,3,3,0,92,2,2,4,1,4422,21203,3,1,13,3,4,1,16,3,1,1,1,0,0,36080,8844,16,1,0,1474.0,0.058823529411764705,1,1.0,0.0,0.0,0.0,0.0,0.0,0.0,0.0
32,0,0,1184,1,1,3,1,3,0,70,2,1,2,1,2332,3974,6,0,20,4,3,0,5,3,3,3,0,0,2,37888,2332,15,1,0,1166.0,0.5,0,0.0,0.0,1.0,0.0,0.0,0.0,0.0,0.0
59,0,2,1089,2,1,2,5,2,1,66,3,3,4,1,11904,11038,3,1,14,3,3,1,14,1,1,6,4,0,4,64251,35712,84,3,2,2976.0,0.4,1,0.0,1.0,0.0,0.0,0.0,0.0,0.0,0.0
32,0,2,1373,1,5,4,1,4,1,56,2,2,4,2,9679,10138,8,0,24,4,2,0,8,1,3,1,0,0,0,43936,19358,8,1,2,3226.3333333333335,0.1111111111111111,0,0.0,0.0,0.0,1.0,0.0,0.0,0.0,0.0
40,0,2,300,2,26,3,2,3,1,74,3,2,1,1,8396,22217,1,0,14,3,2,1,8,3,2,7,7,7,5,12000,16792,56,1,2,2798.6666666666665,0.7777777777777778,0,0.0,0.0,0.0,0.0,1.0,0.0,0.0,0.0
33,0,0,775,1,4,3,5,4,1,90,3,2,2,0,3055,6194,5,0,15,3,4,2,11,2,2,9,8,1,7,25575,6110,99,1,0,1018.3333333333334,0.75,0,1.0,0.0,0.0,0.0,0.0,0.0,0.0,0.0
36,0,0,635,2,10,4,3,2,1,32,3,3,4,2,9980,15318,1,0,14,3,4,0,10,3,2,10,3,9,7,22860,29940,100,1,2,2495.0,0.9090909090909091,0,0.0,0.0,0.0,0.0,1.0,0.0,0.0,0.0
19,0,2,645,1,9,2,1,3,1,54,3,1,1,2,2552,7172,1,0,25,4,3,0,1,4,3,1,1,0,0,12255,2552,1,0,0,1276.0,0.5,0,1.0,0.0,0.0,0.0,0.0,0.0,0.0,0.0
37,0,2,1470,1,10,3,3,2,0,71,3,1,2,1,3936,9953,1,0,11,3,1,1,8,2,1,8,4,7,7,54390,3936,64,1,0,1968.0,0.8888888888888888,0,1.0,0.0,0.0,0.0,0.0,0.0,0.0,0.0
39,0,2,412,1,13,4,3,3,0,94,2,4,2,0,17123,17334,6,1,13,3,4,2,21,4,3,19,9,15,2,16068,68492,399,1,2,3424.6,0.8636363636363636,3,0.0,1.0,0.0,0.0,0.0,0.0,0.0,0.0
33,0,1,553,1,5,4,1,4,0,74,3,3,2,1,11878,23364,6,0,11,3,2,2,12,2,3,10,6,8,8,18249,35634,120,1,2,2969.5,0.7692307692307693,0,0.0,1.0,0.0,0.0,0.0,0.0,0.0,0.0
30,0,2,855,2,7,4,2,4,0,73,3,2,1,0,4779,12761,7,0,14,3,2,2,8,3,3,3,2,0,2,25650,9558,24,0,0,1593.0,0.3333333333333333,0,0.0,0.0,0.0,0.0,1.0,0.0,0.0,0.0
31,1,2,202,1,8,3,1,1,0,34,2,1,2,2,1261,22262,1,0,12,3,3,0,1,3,4,1,0,0,0,6262,1261,1,1,0,630.5,0.5,0,1.0,0.0,0.0,0.0,0.0,0.0,0.0,0.0
26,0,1,921,1,1,1,3,1,0,66,2,1,3,0,2007,25265,1,0,13,3,3,2,5,5,3,5,3,1,3,23946,2007,25,0,0,1003.5,0.8333333333333334,0,1.0,0.0,0.0,0.0,0.0,0.0,0.0,0.0
40,0,2,1194,1,2,4,3,3,0,98,3,1,3,1,2001,12549,2,0,14,3,2,3,20,2,3,5,3,0,2,47760,2001,100,1,0,1000.5,0.23809523809523808,0,1.0,0.0,0.0,0.0,0.0,0.0,0.0,0.0
36,0,2,711,1,5,4,1,2,0,42,3,3,1,1,8008,22792,4,0,12,3,3,2,9,6,3,3,2,0,2,25596,24024,27,1,1,2002.0,0.3,0,0.0,0.0,0.0,0.0,0.0,1.0,0.0,0.0
25,0,2,1356,2,10,4,1,3,1,57,3,2,4,2,4950,20623,0,0,14,3,2,0,5,4,3,4,3,1,1,33900,9900,20,0,1,1650.0,0.6666666666666666,0,0.0,0.0,0.0,0.0,1.0,0.0,0.0,0.0
33,0,1,1141,2,1,3,1,3,0,42,4,2,1,1,5376,3193,2,0,19,3,1,2,10,3,3,5,3,1,3,37653,10752,50,1,1,1792.0,0.45454545454545453,0,0.0,0.0,0.0,0.0,1.0,0.0,0.0,0.0
43,0,2,1291,1,15,2,1,3,1,65,2,4,3,1,17603,3525,1,0,24,4,1,1,14,3,3,14,10,6,11,55513,70412,196,2,2,3520.6,0.9333333333333333,0,0.0,-1.0,0.0,0.0,0.0,0.0,0.0,0.0
40,0,1,593,1,9,4,3,2,0,88,3,3,3,2,13499,13782,9,0,17,3,3,0,20,3,2,18,7,2,13,23720,40497,360,1,2,3374.75,0.8571428571428571,0,0.0,-1.0,0.0,0.0,0.0,0.0,0.0,0.0
45,0,0,336,2,26,3,2,1,1,52,2,2,1,1,4385,24162,1,0,15,3,1,1,10,2,3,10,7,4,5,15120,8770,100,2,0,1461.6666666666667,0.9090909090909091,0,0.0,0.0,0.0,0.0,1.0,0.0,0.0,0.0
32,1,0,1474,2,11,4,4,4,1,60,4,2,3,1,4707,23914,8,0,12,3,4,0,6,2,3,4,2,1,2,47168,9414,24,1,0,1569.0,0.5714285714285714,0,0.0,0.0,0.0,0.0,1.0,0.0,0.0,0.0
29,0,2,1246,2,19,3,1,3,1,77,2,2,3,0,8620,23757,1,0,14,3,3,2,10,3,3,10,7,0,4,36134,17240,100,0,2,2873.3333333333335,0.9090909090909091,0,0.0,0.0,0.0,0.0,1.0,0.0,0.0,0.0
38,0,1,1444,0,1,4,4,4,1,88,3,1,2,1,2991,5224,0,1,11,3,2,1,7,2,3,6,2,1,2,54872,2991,42,1,0,1495.5,0.75,3,0.0,0.0,1.0,0.0,0.0,0.0,0.0,0.0
24,1,2,984,1,17,2,1,4,0,97,3,1,2,1,2210,3372,1,0,13,3,1,1,1,3,1,1,0,0,0,23616,2210,1,0,0,1105.0,0.5,0,0.0,0.0,1.0,0.0,0.0,0.0,0.0,0.0
25,1,2,240,2,5,3,2,3,1,46,2,2,3,2,5744,26959,1,1,11,3,4,0,6,1,3,6,4,0,3,6000,11488,36,0,1,1914.6666666666667,0.8571428571428571,3,0.0,0.0,0.0,0.0,1.0,0.0,0.0,0.0
30,0,2,305,1,16,3,1,3,1,58,4,2,3,1,5294,9128,3,0,16,3,3,1,10,3,3,7,0,1,7,9150,10588,70,0,1,1764.6666666666667,0.6363636363636364,0,0.0,0.0,0.0,0.0,0.0,1.0,0.0,0.0
35,0,2,1395,1,9,4,3,2,1,48,3,2,3,2,5098,18698,1,0,19,3,2,0,10,5,3,10,7,0,8,48825,10196,100,1,1,1699.3333333333333,0.9090909090909091,0,1.0,0.0,0.0,0.0,0.0,0.0,0.0,0.0
55,1,2,436,2,2,1,3,3,1,37,3,2,4,2,5160,21519,4,0,16,3,3,0,12,3,2,9,7,7,3,23980,10320,108,3,1,1720.0,0.6923076923076923,0,0.0,0.0,0.0,0.0,1.0,0.0,0.0,0.0
35,0,1,853,2,18,5,1,2,1,71,3,3,1,1,9069,11031,1,0,22,4,4,1,9,3,2,9,8,1,8,29855,27207,81,1,2,2267.25,0.9,0,0.0,0.0,0.0,0.0,1.0,0.0,0.0,0.0
33,1,2,350,2,5,3,2,4,0,34,3,1,3,2,2851,9150,1,1,13,3,2,0,1,2,3,1,0,0,0,11550,2851,1,1,0,1425.5,0.5,3,0.0,0.0,0.0,0.0,0.0,-1.0,0.0,0.0
33,0,2,516,1,8,5,1,4,1,69,3,2,3,2,6388,22049,2,1,17,3,1,0,14,6,3,0,0,0,0,17028,12776,0,1,1,2129.3333333333335,0.0,3,0.0,0.0,0.0,0.0,0.0,1.0,0.0,0.0
35,1,2,737,2,10,3,3,4,1,55,2,3,1,1,10306,21530,9,0,17,3,3,0,15,3,3,13,12,6,0,25795,30918,195,1,2,2576.5,0.8125,0,0.0,0.0,0.0,0.0,1.0,0.0,0.0,0.0
32,0,0,1109,1,29,4,3,4,0,69,3,1,3,2,4025,11135,9,0,12,3,2,0,10,2,3,8,7,7,7,35488,4025,80,1,0,2012.5,0.7272727272727273,0,0.0,0.0,1.0,0.0,0.0,0.0,0.0,0.0
58,0,2,1272,1,5,3,5,3,0,37,2,3,2,0,10552,9255,2,1,13,3,4,1,24,3,3,6,0,0,4,73776,31656,144,3,2,2638.0,0.24,3,0.0,0.0,0.0,0.0,0.0,1.0,0.0,0.0
34,1,1,296,2,6,2,2,4,0,33,1,1,3,0,2351,12253,0,0,16,3,4,1,3,3,2,2,2,1,0,10064,2351,6,1,0,1175.5,0.5,0,0.0,0.0,0.0,0.0,0.0,-1.0,0.0,0.0
49,0,2,1418,1,1,3,5,3,0,36,3,1,1,1,3580,10554,2,0,16,3,2,1,7,2,3,4,2,0,2,69482,3580,28,2,0,1790.0,0.5,0,1.0,0.0,0.0,0.0,0.0,0.0,0.0,0.0
50,0,2,939,1,24,3,1,4,1,95,3,4,3,1,13973,4161,3,1,18,3,4,1,22,2,3,12,11,1,5,46950,55892,264,2,2,2794.6,0.5217391304347826,3,0.0,0.0,0.0,1.0,0.0,0.0,0.0,0.0
30,0,2,570,2,5,3,2,4,0,30,2,2,3,0,6118,5431,1,0,13,3,3,3,10,2,3,10,9,1,2,17100,12236,100,0,1,2039.3333333333333,0.9090909090909091,0,0.0,0.0,0.0,0.0,1.0,0.0,0.0,0.0
42,0,1,1368,1,28,4,5,4,0,88,2,2,4,1,4523,4386,0,0,11,3,4,3,7,4,4,6,5,0,4,57456,9046,42,2,0,1507.6666666666667,0.75,0,0.0,0.0,0.0,0.0,0.0,1.0,0.0,0.0
53,0,0,661,1,1,4,3,1,0,60,2,4,3,1,12965,22308,4,1,20,4,4,3,27,2,2,3,2,0,2,35033,51860,81,3,2,2593.0,0.10714285714285714,2,0.0,0.0,0.0,1.0,0.0,0.0,0.0,0.0
29,0,2,441,1,8,1,4,3,0,39,1,2,1,1,9715,7288,3,0,13,3,3,1,9,3,3,7,7,0,7,12789,19430,63,0,2,3238.3333333333335,0.7,0,0.0,0.0,0.0,0.0,0.0,1.0,0.0,0.0
27,0,2,1167,1,4,2,1,1,1,76,3,1,3,0,2517,3208,1,0,11,3,2,3,5,2,3,5,3,0,3,31509,2517,25,0,0,1258.5,0.8333333333333334,0,1.0,0.0,0.0,0.0,0.0,0.0,0.0,0.0
35,0,2,1224,2,7,4,1,3,0,55,3,2,4,1,5204,13586,1,1,11,3,4,0,10,2,3,10,8,0,9,42840,10408,100,1,1,1734.6666666666667,0.9090909090909091,3,0.0,0.0,0.0,0.0,1.0,0.0,0.0,0.0
19,1,2,489,0,2,2,5,1,1,52,2,1,4,2,2564,18437,1,0,12,3,3,0,1,3,4,1,0,0,0,9291,2564,1,0,0,1282.0,0.5,0,0.0,0.0,1.0,0.0,0.0,0.0,0.0,0.0
40,0,2,1492,1,20,4,5,1,1,61,3,3,4,1,10322,26542,4,0,20,4,4,1,14,6,3,11,10,11,1,59680,30966,154,1,2,2580.5,0.7333333333333333,0,0.0,0.0,0.0,0.0,0.0,1.0,0.0,0.0
35,0,1,1182,2,11,2,2,4,1,54,3,2,4,0,4968,18500,1,0,11,3,4,1,5,3,3,5,2,0,2,41370,9936,25,1,1,1656.0,0.8333333333333334,0,0.0,0.0,0.0,0.0,1.0,0.0,0.0,0.0
46,0,2,945,0,5,2,3,2,1,80,3,2,2,0,5021,10425,8,1,22,4,4,1,16,2,3,4,2,0,2,43470,10042,64,2,1,1673.6666666666667,0.23529411764705882,3,0.0,0.0,1.0,0.0,0.0,0.0,0.0,0.0
42,0,1,532,1,29,2,1,1,0,92,3,2,3,0,4556,12932,2,0,11,3,2,1,19,3,3,5,4,0,2,22344,9112,95,2,0,1518.6666666666667,0.25,0,1.0,0.0,0.0,0.0,0.0,0.0,0.0,0.0
45,0,2,1329,1,2,2,4,4,0,59,2,2,4,0,5770,5388,1,0,19,3,1,2,10,3,3,10,7,3,9,59805,11540,100,2,1,1923.3333333333333,0.9090909090909091,0,0.0,0.0,0.0,1.0,0.0,0.0,0.0,0.0
29,1,2,428,2,9,3,2,2,0,52,1,1,2,2,2760,14630,1,0,13,3,3,0,2,3,3,2,2,2,2,12412,2760,4,0,0,1380.0,0.6666666666666666,0,0.0,0.0,0.0,0.0,0.0,-1.0,0.0,0.0
34,0,1,560,1,1,4,4,4,1,91,3,1,1,0,2996,20284,5,0,14,3,3,2,10,2,3,4,3,1,3,19040,2996,40,1,0,1498.0,0.36363636363636365,0,1.0,0.0,0.0,0.0,0.0,0.0,0.0,0.0
49,0,2,1091,1,1,2,5,3,0,90,2,4,3,2,13964,17810,7,1,12,3,4,0,25,2,3,7,1,0,7,53459,55856,175,2,2,2792.8,0.2692307692307692,3,0.0,0.0,0.0,0.0,0.0,1.0,0.0,0.0
24,0,2,1371,2,10,4,2,4,0,77,3,2,3,0,4260,5915,1,1,12,3,4,1,5,2,4,5,2,0,3,32904,8520,25,0,0,1420.0,0.8333333333333334,4,0.0,0.0,0.0,0.0,1.0,0.0,0.0,0.0
22,1,1,1368,1,4,1,5,3,1,99,2,1,3,2,3894,9129,5,0,16,3,3,0,4,3,3,2,2,1,2,30096,3894,8,0,0,1947.0,0.4,0,0.0,0.0,1.0,0.0,0.0,0.0,0.0,0.0
30,0,0,990,1,7,3,5,3,1,64,3,1,3,0,1274,7152,1,0,13,3,2,2,1,2,2,1,0,0,0,29700,1274,1,0,0,637.0,0.5,0,1.0,0.0,0.0,0.0,0.0,0.0,0.0,0.0
44,0,2,200,1,29,4,4,4,1,32,3,2,4,2,4541,7744,1,0,25,4,2,0,20,3,3,20,11,13,17,8800,9082,400,2,0,1513.6666666666667,0.9523809523809523,0,1.0,0.0,0.0,0.0,0.0,0.0,0.0,0.0
30,0,2,1358,1,24,1,1,4,1,67,3,1,3,0,2693,13335,1,0,22,4,2,1,1,2,3,1,0,0,0,40740,2693,1,0,0,1346.5,0.5,0,0.0,0.0,1.0,0.0,0.0,0.0,0.0,0.0
27,0,1,994,2,8,3,1,4,1,37,3,3,3,2,8726,2975,1,0,15,3,4,0,9,0,3,9,8,1,7,26838,26178,81,0,2,2181.5,0.9,0,0.0,0.0,0.0,0.0,1.0,0.0,0.0,0.0
30,0,2,852,2,10,3,2,3,1,72,2,2,3,1,6578,2706,1,0,18,3,1,1,10,3,3,10,3,1,4,25560,13156,100,0,1,2192.6666666666665,0.9090909090909091,0,0.0,0.0,0.0,0.0,1.0,0.0,0.0,0.0
24,0,2,771,1,1,2,1,2,1,45,2,2,3,2,4617,14120,1,0,12,3,2,0,4,2,2,4,3,1,2,18504,9234,16,0,0,1539.0,0.8,0,0.0,0.0,0.0,0.0,0.0,1.0,0.0,0.0
33,0,2,501,1,15,2,3,2,0,95,3,2,4,1,4878,21653,0,1,13,3,1,1,10,6,3,9,7,8,1,16533,9756,90,1,0,1626.0,0.8181818181818182,3,0.0,0.0,0.0,0.0,0.0,1.0,0.0,0.0
43,0,1,185,1,10,4,1,3,0,33,3,1,4,2,2455,10675,0,0,19,3,1,0,9,5,3,8,7,1,7,7955,2455,72,2,0,1227.5,0.8,0,0.0,0.0,1.0,0.0,0.0,0.0,0.0,0.0
34,0,2,1111,2,8,2,1,3,0,93,3,2,1,1,6500,13305,5,0,17,3,2,1,6,1,3,3,2,1,2,37774,13000,18,1,1,2166.6666666666665,0.42857142857142855,0,0.0,0.0,0.0,0.0,1.0,0.0,0.0,0.0
46,0,1,1211,2,5,4,2,1,1,98,3,2,4,2,5772,20445,4,1,21,4,3,0,14,4,3,9,6,0,8,55706,11544,126,2,1,1924.0,0.6,3,0.0,0.0,0.0,0.0,1.0,0.0,0.0,0.0
50,0,1,1115,1,1,3,1,1,0,73,3,5,2,1,18172,9755,3,1,19,3,1,0,28,1,2,8,3,0,7,55750,90860,224,2,2,3028.6666666666665,0.27586206896551724,2,0.0,-1.0,0.0,0.0,0.0,0.0,0.0,0.0
37,1,2,625,2,1,4,1,1,1,46,2,3,3,1,10609,14922,5,0,11,3,3,0,17,2,1,14,1,11,7,23125,31827,238,1,2,2652.25,0.7777777777777778,0,0.0,0.0,0.0,0.0,1.0,0.0,0.0,0.0
29,0,1,442,2,2,2,1,2,1,44,3,2,4,2,4554,20260,1,0,18,3,1,0,10,3,2,10,7,0,9,12818,9108,100,0,0,1518.0,0.9090909090909091,0,0.0,0.0,0.0,0.0,1.0,0.0,0.0,0.0
44,0,1,383,2,1,5,2,1,0,79,3,2,3,1,4768,9282,7,0,12,3,3,1,11,4,2,1,0,0,0,16852,9536,11,2,0,1589.3333333333333,0.08333333333333333,0,0.0,0.0,0.0,0.0,1.0,0.0,0.0,0.0
44,0,2,1467,1,20,3,1,4,1,49,3,1,2,2,3420,21158,1,0,13,3,3,0,6,3,2,5,2,1,3,64548,3420,30,2,0,1710.0,0.7142857142857143,0,1.0,0.0,0.0,0.0,0.0,0.0,0.0,0.0
35,0,0,727,1,3,3,1,3,1,41,2,1,3,1,1281,16900,1,0,18,3,3,2,1,3,3,1,0,0,0,25445,1281,1,1,0,640.5,0.5,0,0.0,0.0,1.0,0.0,0.0,0.0,0.0,0.0
54,0,1,966,1,1,4,1,4,0,53,3,3,3,0,10502,9659,7,0,17,3,1,1,33,2,1,5,4,1,4,52164,31506,165,3,2,2625.5,0.14705882352941177,0,0.0,0.0,0.0,1.0,0.0,0.0,0.0,0.0
48,0,2,530,2,29,1,3,1,0,91,3,3,3,1,12504,23978,3,0,21,4,2,1,15,3,1,0,0,0,0,25440,37512,0,2,2,3126.0,0.0,0,0.0,1.0,0.0,0.0,0.0,0.0,0.0,0.0
31,0,1,853,1,1,1,1,3,0,96,3,2,1,1,4148,11275,1,0,12,3,3,1,4,1,3,4,3,0,3,26443,8296,16,1,0,1382.6666666666667,0.8,0,0.0,0.0,0.0,1.0,0.0,0.0,0.0,0.0
32,0,2,824,1,5,2,1,4,0,67,2,2,2,1,5878,15624,3,0,12,3,1,1,12,2,3,7,1,2,5,26368,11756,84,1,1,1959.3333333333333,0.5384615384615384,0,1.0,0.0,0.0,0.0,0.0,0.0,0.0,0.0
42,0,2,635,2,1,1,1,2,1,99,3,2,3,1,4907,24532,1,0,25,4,3,0,20,3,3,20,16,11,6,26670,9814,400,2,0,1635.6666666666667,0.9523809523809523,0,0.0,0.0,0.0,0.0,1.0,0.0,0.0,0.0
31,1,1,874,1,15,3,3,3,1,72,3,1,3,1,2610,6233,1,0,12,3,3,1,2,5,2,2,2,2,2,27094,2610,4,1,0,1305.0,0.6666666666666666,0,0.0,0.0,1.0,0.0,0.0,0.0,0.0,0.0
36,1,2,885,1,16,4,1,3,0,43,4,1,1,2,2743,8269,1,0,16,3,3,0,18,1,3,17,13,15,14,31860,2743,306,1,0,1371.5,0.8947368421052632,0,0.0,0.0,1.0,0.0,0.0,0.0,0.0,0.0
39,0,2,116,1,24,1,1,1,1,52,3,2,4,2,4108,5340,7,0,13,3,1,0,18,2,3,7,7,1,7,4524,8216,126,1,0,1369.3333333333333,0.3684210526315789,0,1.0,0.0,0.0,0.0,0.0,0.0,0.0,0.0
29,1,2,224,1,1,4,5,1,1,100,2,1,1,2,2362,7568,6,0,13,3,3,0,11,2,1,9,7,0,7,6496,2362,99,0,0,1181.0,0.75,0,1.0,0.0,0.0,0.0,0.0,0.0,0.0,0.0
26,0,2,1167,2,5,3,4,4,0,30,2,1,3,2,2966,21378,0,0,18,3,4,0,5,2,3,4,2,0,0,30342,2966,20,0,0,1483.0,0.6666666666666666,0,0.0,0.0,0.0,0.0,0.0,-1.0,0.0,0.0
34,1,0,1362,2,19,3,2,1,1,67,4,2,4,2,5304,4652,8,1,13,3,2,0,9,3,2,5,2,0,4,46308,10608,45,1,1,1768.0,0.5,2,0.0,0.0,0.0,0.0,1.0,0.0,0.0,0.0
46,0,2,1319,2,3,3,5,1,0,45,4,4,1,0,13225,7739,2,0,12,3,4,1,25,5,3,19,17,2,8,60674,52900,475,2,2,2645.0,0.7307692307692307,0,0.0,0.0,0.0,0.0,1.0,0.0,0.0,0.0
38,0,1,594,1,2,2,3,3,0,75,2,1,2,1,2468,15963,4,0,14,3,2,1,9,4,2,6,1,0,5,22572,2468,54,1,0,1234.0,0.6,0,0.0,0.0,1.0,0.0,0.0,0.0,0.0,0.0
55,0,2,1136,1,1,4,3,2,1,81,4,4,4,0,14732,12414,2,0,13,3,4,2,31,4,4,7,7,0,0,62480,58928,217,3,2,2946.4,0.21875,0,0.0,-1.0,0.0,0.0,0.0,0.0,0.0,0.0
39,0,2,903,2,2,5,1,1,1,41,4,3,3,2,7880,2560,0,0,18,3,4,0,9,3,3,8,7,0,7,35217,23640,72,1,1,1970.0,0.8,0,0.0,0.0,0.0,0.0,1.0,0.0,0.0,0.0
40,0,0,1094,2,28,3,4,3,1,58,1,3,1,0,10932,11373,3,0,15,3,3,1,20,2,3,1,0,0,1,43760,32796,20,1,2,2733.0,0.047619047619047616,0,0.0,0.0,0.0,0.0,1.0,0.0,0.0,0.0
34,0,1,303,2,2,4,2,3,0,75,3,1,3,1,2231,11314,6,0,18,3,4,1,6,3,3,4,3,1,2,10302,2231,24,1,0,1115.5,0.5714285714285714,0,0.0,0.0,0.0,0.0,0.0,-1.0,0.0,0.0
29,1,2,408,1,25,5,5,3,0,71,2,1,2,1,2546,18300,5,0,16,3,2,0,6,2,4,2,2,1,1,11832,2546,12,0,0,1273.0,0.2857142857142857,0,1.0,0.0,0.0,0.0,0.0,0.0,0.0,0.0
56,1,2,310,1,7,2,5,4,1,72,3,1,3,1,2339,3666,8,0,11,3,4,1,14,4,1,10,9,9,8,17360,2339,140,3,0,1169.5,0.6666666666666666,0,0.0,0.0,1.0,0.0,0.0,0.0,0.0,0.0
32,0,2,234,2,1,4,3,2,1,68,2,1,2,1,2269,18024,0,0,14,3,2,1,3,2,3,2,2,2,2,7488,2269,6,1,0,1134.5,0.5,0,0.0,0.0,0.0,0.0,0.0,-1.0,0.0,0.0
53,0,2,1395,1,24,4,3,2,1,48,4,3,4,1,7005,3458,3,0,15,3,3,0,11,2,3,4,3,1,2,73935,21015,44,3,1,1751.25,0.3333333333333333,0,0.0,0.0,0.0,0.0,0.0,1.0,0.0,0.0
23,1,2,1243,1,6,3,1,3,1,63,4,1,1,1,1601,3445,1,1,21,4,3,2,1,2,3,0,0,0,0,28589,1601,0,0,0,800.5,0.0,3,0.0,0.0,1.0,0.0,0.0,0.0,0.0,0.0
35,0,0,1212,2,8,2,2,3,0,78,2,3,4,1,10377,13755,4,1,11,3,2,1,16,6,2,13,2,4,12,42420,31131,208,1,2,2594.25,0.7647058823529411,2,0.0,0.0,0.0,0.0,1.0,0.0,0.0,0.0
48,0,2,277,1,6,3,1,1,1,97,2,2,3,2,4240,13119,2,0,13,3,4,0,19,0,3,2,2,2,2,13296,8480,38,2,0,1413.3333333333333,0.1,0,0.0,0.0,0.0,0.0,0.0,1.0,0.0,0.0
26,1,0,265,2,29,2,3,2,1,79,1,2,1,2,4969,21813,8,0,18,3,4,0,7,6,3,2,2,2,2,6890,9938,14,0,1,1656.3333333333333,0.25,0,0.0,0.0,0.0,0.0,1.0,0.0,0.0,0.0
35,0,1,664,1,1,3,3,2,1,79,3,1,1,1,2194,5868,4,0,13,3,4,1,5,2,2,3,2,1,2,23240,2194,15,1,0,1097.0,0.5,0,1.0,0.0,0.0,0.0,0.0,0.0,0.0,0.0
35,0,1,1199,1,18,4,1,3,1,80,3,2,3,1,5689,24594,1,1,14,3,4,2,10,2,4,10,2,0,2,41965,11378,100,1,1,1896.3333333333333,0.9090909090909091,4,0.0,0.0,0.0,0.0,0.0,1.0,0.0,0.0
38,0,2,362,1,1,1,1,3,0,43,3,1,1,2,2619,14561,3,0,17,3,4,0,8,3,2,0,0,0,0,13756,2619,0,1,0,1309.5,0.0,0,1.0,0.0,0.0,0.0,0.0,0.0,0.0,0.0
55,0,2,1117,2,18,5,1,1,0,83,3,4,2,2,16835,9873,3,0,23,4,4,0,37,2,3,10,9,7,7,61435,67340,370,3,2,3367.0,0.2631578947368421,0,0.0,1.0,0.0,0.0,0.0,0.0,0.0,0.0
37,0,2,558,2,2,3,2,4,1,75,3,2,3,1,9602,3010,4,1,11,3,3,1,17,3,2,3,0,1,0,20646,19204,51,1,2,3200.6666666666665,0.16666666666666666,2,0.0,0.0,0.0,0.0,1.0,0.0,0.0,0.0
30,1,2,945,2,9,3,3,2,1,89,3,1,4,2,1081,16019,1,0,13,3,3,0,1,3,2,1,0,0,0,28350,1081,1,0,0,540.5,0.5,0,0.0,0.0,0.0,0.0,0.0,-1.0,0.0,0.0
51,0,2,1318,2,26,4,2,1,0,66,3,4,3,1,16307,5594,2,0,14,3,3,1,29,2,2,20,6,4,17,67218,65228,580,3,2,3261.4,0.6666666666666666,0,0.0,1.0,0.0,0.0,0.0,0.0,0.0,0.0
31,0,1,798,1,7,2,1,3,0,48,2,3,3,1,8943,14034,1,0,24,4,1,1,10,2,3,10,9,8,9,24738,26829,100,1,2,2235.75,0.9090909090909091,0,0.0,0.0,0.0,1.0,0.0,0.0,0.0,0.0
57,0,2,210,2,29,3,2,1,1,56,2,4,4,0,14118,22102,3,0,12,3,3,1,32,3,2,1,0,0,0,11970,56472,32,3,2,2823.6,0.030303030303030304,0,0.0,1.0,0.0,0.0,0.0,0.0,0.0,0.0
32,0,2,646,1,9,4,1,1,0,92,3,2,4,1,6322,18089,1,1,12,3,4,1,6,2,2,6,4,0,5,20672,12644,36,1,1,2107.3333333333335,0.8571428571428571,2,1.0,0.0,0.0,0.0,0.0,0.0,0.0,0.0
41,0,2,167,1,12,4,1,2,1,46,3,1,4,1,4766,9051,3,1,11,3,1,1,6,4,3,1,0,0,0,6847,4766,6,2,0,2383.0,0.14285714285714285,3,0.0,0.0,1.0,0.0,0.0,0.0,0.0,0.0
38,0,1,1490,1,2,2,1,4,1,42,3,1,4,1,1702,12106,1,1,23,4,3,1,1,3,3,1,0,0,0,56620,1702,1,1,0,851.0,0.5,3,0.0,0.0,1.0,0.0,0.0,0.0,0.0,0.0
27,0,1,591,1,2,3,3,4,1,87,3,1,4,2,2580,6297,2,0,13,3,3,0,6,0,2,4,2,1,2,15957,2580,24,0,0,1290.0,0.5714285714285714,0,1.0,0.0,0.0,0.0,0.0,0.0,0.0,0.0
37,0,0,142,2,9,4,3,1,1,69,3,3,2,0,8834,24666,1,0,13,3,4,1,9,6,3,9,5,7,7,5254,26502,81,1,2,2208.5,0.9,0,0.0,0.0,0.0,0.0,1.0,0.0,0.0,0.0
44,0,2,1488,2,1,5,2,2,0,75,3,2,1,0,5454,4009,5,1,21,4,3,1,9,2,2,4,3,1,3,65472,10908,36,2,1,1818.0,0.4,2,0.0,0.0,0.0,0.0,1.0,0.0,0.0,0.0
29,0,2,1389,1,21,4,1,2,0,51,4,3,1,0,9980,10195,1,0,11,3,3,1,10,1,3,10,9,8,8,40281,29940,100,0,2,2495.0,0.9090909090909091,0,0.0,0.0,0.0,1.0,0.0,0.0,0.0,0.0
35,0,2,776,2,1,4,2,3,1,32,2,2,1,2,4312,23016,0,0,14,3,2,0,16,2,3,15,13,2,8,27160,8624,240,1,0,1437.3333333333333,0.8823529411764706,0,0.0,0.0,0.0,0.0,1.0,0.0,0.0,0.0
30,0,2,793,1,16,1,1,2,1,33,3,1,4,1,2862,3811,1,0,12,3,2,1,10,2,2,10,0,0,8,23790,2862,100,0,0,1431.0,0.9090909090909091,0,1.0,0.0,0.0,0.0,0.0,0.0,0.0,0.0
38,0,2,397,1,2,2,3,4,0,54,2,3,3,1,7756,14199,3,1,19,3,4,1,10,6,4,5,4,0,2,15086,23268,50,1,1,1939.0,0.45454545454545453,4,0.0,0.0,0.0,1.0,0.0,0.0,0.0,0.0
34,0,2,1400,2,9,1,1,2,0,70,3,2,3,1,5714,5829,1,0,20,4,1,0,6,3,2,6,5,1,3,47600,11428,36,1,1,1904.6666666666667,0.8571428571428571,0,0.0,0.0,0.0,0.0,1.0,0.0,0.0,0.0
42,0,2,265,2,5,2,2,4,1,90,3,5,3,1,18303,7770,6,0,13,3,2,0,21,3,4,1,0,0,0,11130,91515,21,2,2,3050.5,0.045454545454545456,0,0.0,1.0,0.0,0.0,0.0,0.0,0.0,0.0
48,0,2,855,1,4,3,1,4,1,54,3,3,4,2,7898,18706,1,0,11,3,3,0,11,2,3,10,9,0,8,41040,23694,110,2,1,1974.5,0.8333333333333334,0,0.0,0.0,0.0,1.0,0.0,0.0,0.0,0.0
39,0,2,408,1,2,4,5,4,0,80,2,2,3,2,4553,20978,1,0,11,3,1,0,20,4,3,20,7,11,10,15912,9106,400,1,0,1517.6666666666667,0.9523809523809523,0,0.0,0.0,0.0,0.0,0.0,1.0,0.0,0.0
49,0,0,1002,1,18,4,1,4,1,92,3,2,4,0,6804,23793,1,1,15,3,1,2,7,0,3,7,7,1,7,49098,13608,49,2,1,2268.0,0.875,3,0.0,0.0,0.0,1.0,0.0,0.0,0.0,0.0
41,0,2,896,2,6,3,1,4,0,75,3,3,4,2,13591,14674,3,1,18,3,3,0,16,3,3,1,0,0,0,36736,40773,16,2,2,3397.75,0.058823529411764705,3,0.0,1.0,0.0,0.0,0.0,0.0,0.0,0.0
30,0,2,1240,0,9,3,0,3,1,48,3,2,4,1,6347,13982,0,1,19,3,4,0,12,2,1,11,9,4,7,37200,12694,132,0,1,2115.6666666666665,0.8461538461538461,1,0.0,0.0,1.0,0.0,0.0,0.0,0.0,0.0
40,0,0,458,1,16,2,1,3,1,74,3,1,3,0,3544,8532,9,0,16,3,2,1,6,0,3,4,2,0,0,18320,3544,24,1,0,1772.0,0.5714285714285714,0,1.0,0.0,0.0,0.0,0.0,0.0,0.0,0.0
31,1,1,667,2,1,4,1,2,0,50,1,1,3,2,1359,16154,1,0,12,3,2,0,1,3,3,1,0,0,0,20677,1359,1,1,0,679.5,0.5,0,0.0,0.0,0.0,0.0,0.0,-1.0,0.0,0.0
44,0,2,1112,0,1,4,1,1,0,50,2,2,3,2,5985,26894,4,0,11,3,2,0,10,1,4,2,2,0,2,48928,11970,20,2,1,1995.0,0.18181818181818182,0,0.0,0.0,1.0,0.0,0.0,0.0,0.0,0.0
29,0,2,1086,1,7,1,3,1,0,62,2,1,4,0,2532,6054,6,0,14,3,3,3,8,5,3,4,3,0,3,31494,2532,32,0,0,1266.0,0.4444444444444444,0,0.0,0.0,1.0,0.0,0.0,0.0,0.0,0.0
38,0,1,508,1,6,4,1,1,1,72,2,2,3,1,5321,14284,2,0,11,3,4,1,10,1,3,8,3,7,7,19304,10642,80,1,1,1773.6666666666667,0.7272727272727273,0,0.0,0.0,0.0,1.0,0.0,0.0,0.0,0.0
41,0,1,1018,2,1,3,2,3,0,66,3,2,1,0,4103,4297,0,0,17,3,4,1,10,2,3,9,3,1,7,41738,8206,90,2,0,1367.6666666666667,0.8181818181818182,0,0.0,0.0,0.0,0.0,1.0,0.0,0.0,0.0
33,0,2,586,2,1,3,3,1,1,48,4,2,1,0,4037,21816,1,0,22,4,1,1,9,5,3,9,8,0,8,19338,8074,81,1,0,1345.6666666666667,0.9,0,0.0,0.0,0.0,0.0,1.0,0.0,0.0,0.0
44,0,2,1313,1,7,3,3,2,0,31,3,5,4,0,19049,3549,0,1,14,3,4,1,23,4,2,22,7,1,10,57772,95245,506,2,2,3174.8333333333335,0.9166666666666666,2,0.0,-1.0,0.0,0.0,0.0,0.0,0.0,0.0
36,0,0,427,1,8,3,1,1,0,63,4,3,1,1,11713,20335,9,0,14,3,1,1,10,2,3,8,7,0,5,15372,35139,80,1,2,2928.25,0.7272727272727273,0,0.0,-1.0,0.0,0.0,0.0,0.0,0.0,0.0
34,0,2,304,2,2,3,4,4,1,60,3,2,4,2,6274,18686,1,0,22,4,3,0,6,5,3,6,5,1,4,10336,12548,36,1,1,2091.3333333333335,0.8571428571428571,0,0.0,0.0,0.0,0.0,1.0,0.0,0.0,0.0
46,0,2,705,2,2,4,2,2,0,83,3,5,1,2,18947,22822,3,0,12,3,4,0,22,2,2,2,2,2,1,32430,94735,44,2,2,3157.8333333333335,0.08695652173913043,0,0.0,1.0,0.0,0.0,0.0,0.0,0.0,0.0
44,0,0,111,1,17,3,1,4,1,74,1,1,3,2,2290,4279,2,0,13,3,4,0,6,3,3,0,0,0,0,4884,2290,0,2,0,1145.0,0.0,0,1.0,0.0,0.0,0.0,0.0,0.0,0.0,0.0
35,0,0,208,1,8,4,1,3,0,52,3,2,3,1,4148,12250,1,0,12,3,4,1,15,5,3,14,11,2,9,7280,8296,210,1,0,1382.6666666666667,0.875,0,0.0,0.0,0.0,0.0,0.0,1.0,0.0,0.0
29,1,2,805,1,1,2,1,2,0,36,2,1,1,1,2319,6689,1,1,11,3,4,1,1,1,3,1,0,0,0,23345,2319,1,0,0,1159.5,0.5,3,0.0,0.0,1.0,0.0,0.0,0.0,0.0,0.0
38,0,2,827,1,1,4,1,2,0,33,4,2,4,2,7625,19383,0,0,13,3,3,0,10,4,2,9,7,1,8,31426,15250,90,1,1,2541.6666666666665,0.8181818181818182,0,0.0,0.0,0.0,0.0,0.0,1.0,0.0,0.0
53,0,2,1084,1,13,2,3,4,0,57,4,2,1,0,4450,26250,1,0,11,3,3,2,5,3,3,4,2,1,3,57452,8900,20,3,0,1483.3333333333333,0.6666666666666666,0,0.0,0.0,0.0,1.0,0.0,0.0,0.0,0.0
50,0,2,797,1,4,1,1,1,1,96,3,5,2,0,19144,15815,3,0,14,3,1,2,28,4,2,10,4,1,6,39850,95720,280,2,2,3190.6666666666665,0.3448275862068966,0,0.0,-1.0,0.0,0.0,0.0,0.0,0.0,0.0
37,0,1,1231,2,21,2,3,3,0,54,3,1,4,1,2973,21222,5,0,15,3,2,1,10,3,3,5,4,0,0,45547,2973,50,1,0,1486.5,0.45454545454545453,0,0.0,0.0,0.0,0.0,0.0,-1.0,0.0,0.0
37,1,2,370,1,10,4,3,4,1,58,3,2,1,2,4213,4992,1,0,15,3,2,0,10,4,1,10,3,0,8,13690,8426,100,1,0,1404.3333333333333,0.9090909090909091,0,0.0,0.0,0.0,1.0,0.0,0.0,0.0,0.0
38,0,2,688,1,23,4,1,4,1,82,3,2,4,0,5745,18899,9,0,14,3,2,1,10,2,3,2,2,1,2,26144,11490,20,1,1,1915.0,0.18181818181818182,0,0.0,0.0,0.0,0.0,0.0,1.0,0.0,0.0
28,0,2,1423,1,1,3,1,1,1,72,2,1,3,0,1563,12530,1,0,14,3,4,1,1,2,1,1,0,0,0,39844,1563,1,0,0,781.5,0.5,0,1.0,0.0,0.0,0.0,0.0,0.0,0.0,0.0
55,0,1,1091,1,2,1,1,4,1,65,3,3,2,1,10976,15813,3,0,18,3,2,1,23,4,3,3,2,1,2,60005,32928,69,3,2,2744.0,0.125,0,0.0,0.0,0.0,1.0,0.0,0.0,0.0,0.0
38,0,2,330,1,17,1,1,3,0,65,2,3,3,1,8823,24608,0,0,18,3,1,1,20,4,2,19,9,1,9,12540,26469,380,1,2,2205.75,0.9047619047619048,0,0.0,0.0,0.0,0.0,0.0,1.0,0.0,0.0
45,1,2,1449,2,2,3,2,1,0,94,1,5,2,2,18824,2493,2,1,16,3,1,0,26,2,3,24,10,1,11,65205,94120,624,2,2,3137.3333333333335,0.8888888888888888,3,0.0,1.0,0.0,0.0,0.0,0.0,0.0,0.0
31,1,2,359,0,18,5,0,4,1,89,4,1,1,1,2956,21495,0,0,17,3,3,0,2,4,3,1,0,0,0,11129,2956,2,1,0,1478.0,0.3333333333333333,0,0.0,0.0,1.0,0.0,0.0,0.0,0.0,0.0
43,0,2,1273,1,2,2,3,4,0,72,4,1,3,0,2645,21923,1,0,12,3,4,2,6,3,2,5,3,1,4,54739,2645,30,2,0,1322.5,0.7142857142857143,0,1.0,0.0,0.0,0.0,0.0,0.0,0.0,0.0
40,0,2,1137,1,1,4,1,1,1,98,3,4,1,0,16823,18991,2,0,11,3,1,1,22,3,3,19,7,11,16,45480,67292,418,1,2,3364.6,0.8260869565217391,0,0.0,1.0,0.0,0.0,0.0,0.0,0.0,0.0
30,0,2,1082,2,12,3,5,2,0,83,3,2,3,2,6577,19558,0,0,11,3,2,0,6,6,3,5,4,4,4,32460,13154,30,0,1,2192.3333333333335,0.7142857142857143,0,0.0,0.0,0.0,0.0,1.0,0.0,0.0,0.0
28,0,2,736,2,26,3,1,3,1,48,2,2,1,1,4724,24232,1,0,11,3,3,1,5,0,3,5,3,0,4,20608,9448,25,0,0,1574.6666666666667,0.8333333333333334,0,0.0,0.0,0.0,0.0,1.0,0.0,0.0,0.0
18,1,1,544,2,3,2,3,2,0,70,3,1,4,2,1569,18420,1,1,12,3,3,0,0,2,4,0,0,0,0,9792,1569,0,0,0,784.5,0.0,4,0.0,0.0,0.0,0.0,0.0,-1.0,0.0,0.0
28,1,2,529,1,2,4,1,1,1,79,3,1,3,2,3485,14935,2,0,11,3,3,0,5,5,1,0,0,0,0,14812,3485,0,0,0,1742.5,0.0,0,0.0,0.0,1.0,0.0,0.0,0.0,0.0,0.0
39,1,2,1162,2,3,2,3,4,0,41,3,2,3,1,5238,17778,4,1,18,3,1,0,12,3,2,1,0,0,0,45318,10476,12,1,1,1746.0,0.07692307692307693,2,0.0,0.0,0.0,0.0,1.0,0.0,0.0,0.0
25,0,1,772,1,2,1,1,4,1,77,4,2,3,0,5206,4973,1,0,17,3,3,2,7,6,3,7,7,0,7,19300,10412,49,0,1,1735.3333333333333,0.875,0,0.0,0.0,0.0,1.0,0.0,0.0,0.0,0.0
33,0,2,1242,2,8,4,1,1,1,46,3,2,1,1,6392,10589,2,0,13,3,4,1,8,6,1,2,2,2,2,40986,12784,16,1,1,2130.6666666666665,0.2222222222222222,0,0.0,0.0,0.0,0.0,1.0,0.0,0.0,0.0
28,1,2,1475,2,13,2,2,4,0,84,3,2,3,2,9854,23352,3,1,11,3,4,0,6,0,3,2,0,2,2,41300,19708,12,0,2,3284.6666666666665,0.2857142857142857,3,0.0,0.0,0.0,0.0,1.0,0.0,0.0,0.0
60,0,1,1499,2,28,3,2,3,0,80,2,3,1,1,10266,2845,4,0,19,3,4,0,22,5,4,18,13,13,11,89940,30798,396,3,2,2566.5,0.782608695652174,0,0.0,0.0,0.0,0.0,1.0,0.0,0.0,0.0
42,1,1,481,2,12,3,1,3,1,44,3,4,1,2,13758,2447,0,1,12,3,2,0,22,2,2,21,9,13,14,20202,55032,462,2,2,2751.6,0.9130434782608695,2,0.0,0.0,0.0,0.0,1.0,0.0,0.0,0.0
34,0,2,970,1,8,2,3,2,0,96,3,2,3,2,6142,7360,3,0,11,3,4,0,10,2,3,5,1,4,3,32980,12284,50,1,1,2047.3333333333333,0.45454545454545453,0,0.0,0.0,0.0,0.0,0.0,1.0,0.0,0.0
47,0,2,249,2,2,2,2,3,0,35,3,2,4,1,4537,17783,0,1,22,4,1,1,8,2,3,7,6,7,7,11703,9074,56,2,0,1512.3333333333333,0.7777777777777778,3,0.0,0.0,0.0,0.0,1.0,0.0,0.0,0.0
56,0,2,832,1,9,3,3,3,1,81,3,4,4,1,11103,20420,7,0,11,3,3,0,30,1,2,10,7,1,1,46592,44412,300,3,2,2220.6,0.3225806451612903,0,0.0,0.0,0.0,0.0,0.0,1.0,0.0,0.0
32,0,0,953,1,5,4,5,2,1,65,3,1,2,2,2718,17674,2,0,14,3,2,0,12,3,3,7,7,0,7,30496,2718,84,1,0,1359.0,0.5384615384615384,0,1.0,0.0,0.0,0.0,0.0,0.0,0.0,0.0
49,0,2,1098,1,4,2,3,1,1,85,2,5,3,1,18711,12124,2,0,13,3,3,1,23,2,4,1,0,0,0,53802,93555,23,2,2,3118.5,0.041666666666666664,0,0.0,1.0,0.0,0.0,0.0,0.0,0.0,0.0
37,0,1,889,1,9,3,3,2,1,53,3,1,4,1,2326,11411,1,1,12,3,3,3,4,3,2,4,2,1,2,32893,2326,16,1,0,1163.0,0.8,2,1.0,0.0,0.0,0.0,0.0,0.0,0.0,0.0
41,1,1,143,2,4,3,2,1,1,56,3,2,2,2,9355,9558,1,0,18,3,3,0,8,5,3,8,7,7,7,5863,18710,64,2,2,3118.3333333333335,0.8888888888888888,0,0.0,0.0,0.0,0.0,1.0,0.0,0.0,0.0
37,0,2,921,1,10,3,3,3,0,98,3,1,1,1,3452,17663,6,0,20,4,2,1,17,3,3,5,4,0,3,34077,3452,85,1,0,1726.0,0.2777777777777778,0,0.0,0.0,1.0,0.0,0.0,0.0,0.0,0.0
28,0,1,467,2,7,3,1,3,1,55,3,2,1,2,4898,11827,0,0,14,3,4,0,5,5,3,4,2,1,3,13076,9796,20,0,0,1632.6666666666667,0.6666666666666666,0,0.0,0.0,0.0,0.0,1.0,0.0,0.0,0.0
27,0,1,1131,1,15,3,1,4,0,77,2,1,1,1,4774,23844,0,0,19,3,4,1,8,2,2,7,6,7,3,30537,4774,56,0,0,2387.0,0.7777777777777778,0,1.0,0.0,0.0,0.0,0.0,0.0,0.0,0.0
34,0,2,1303,1,2,4,1,4,1,62,2,1,3,0,2768,8416,3,0,12,3,3,1,14,3,3,7,3,5,7,44302,2768,98,1,0,1384.0,0.4666666666666667,0,1.0,0.0,0.0,0.0,0.0,0.0,0.0,0.0
37,0,2,977,1,1,3,1,4,0,56,2,2,4,1,6474,9961,1,0,13,3,2,1,14,2,2,14,8,3,11,36149,12948,196,1,1,2158.0,0.9333333333333333,0,0.0,0.0,0.0,1.0,0.0,0.0,0.0,0.0
59,0,1,1225,2,1,1,1,1,0,57,2,2,3,2,5473,24668,7,0,11,3,4,0,20,2,2,4,3,1,3,72275,10946,80,3,1,1824.3333333333333,0.19047619047619047,0,0.0,0.0,0.0,0.0,1.0,0.0,0.0,0.0
31,0,2,655,1,7,4,1,4,1,48,3,2,4,0,5915,9528,3,0,22,4,4,1,10,3,2,7,7,1,7,20305,11830,70,1,1,1971.6666666666667,0.6363636363636364,0,0.0,0.0,1.0,0.0,0.0,0.0,0.0,0.0
31,0,2,1082,1,1,4,3,3,1,87,3,1,2,2,2501,18775,1,0,17,3,2,0,1,4,3,1,1,1,0,33542,2501,1,1,0,1250.5,0.5,0,1.0,0.0,0.0,0.0,0.0,0.0,0.0,0.0
36,0,2,506,1,3,3,5,3,1,30,3,2,2,2,4485,26285,4,0,12,3,4,0,10,2,3,8,0,7,7,18216,8970,80,1,0,1495.0,0.7272727272727273,0,1.0,0.0,0.0,0.0,0.0,0.0,0.0,0.0
27,0,2,486,1,8,3,3,2,0,86,4,1,3,1,3517,22490,7,0,17,3,1,0,5,0,3,3,2,0,2,13122,3517,15,0,0,1758.5,0.5,0,1.0,0.0,0.0,0.0,0.0,0.0,0.0,0.0
40,0,2,1308,1,14,3,3,3,1,44,2,5,3,2,19626,17544,1,0,14,3,1,0,21,2,4,20,7,4,9,52320,98130,420,1,2,3271.0,0.9090909090909091,0,0.0,-1.0,0.0,0.0,0.0,0.0,0.0,0.0
25,0,2,685,1,1,3,1,1,0,62,3,2,3,1,4898,7505,0,0,12,3,4,2,5,3,3,4,2,1,2,17125,9796,20,0,0,1632.6666666666667,0.6666666666666666,0,0.0,0.0,0.0,1.0,0.0,0.0,0.0,0.0
41,0,0,267,2,10,2,1,4,1,56,3,2,4,2,6230,13430,7,0,14,3,4,0,16,3,3,14,3,1,10,10947,12460,224,2,1,2076.6666666666665,0.8235294117647058,0,0.0,0.0,0.0,0.0,1.0,0.0,0.0,0.0
50,1,1,878,2,1,4,1,2,1,94,3,2,3,0,6728,14255,7,0,12,3,4,2,12,3,3,6,3,0,1,43900,13456,72,2,1,2242.6666666666665,0.46153846153846156,0,0.0,0.0,0.0,0.0,1.0,0.0,0.0,0.0
24,0,1,535,2,24,3,3,4,1,38,3,1,4,1,2400,5530,0,0,13,3,3,2,3,3,3,2,2,2,1,12840,2400,6,0,0,1200.0,0.5,0,0.0,0.0,0.0,0.0,0.0,-1.0,0.0,0.0
33,0,2,536,2,10,5,2,4,1,82,4,3,3,0,8380,21708,0,1,14,3,4,2,10,3,3,9,8,0,8,17688,25140,90,1,2,2095.0,0.8181818181818182,3,0.0,0.0,0.0,0.0,1.0,0.0,0.0,0.0
29,0,2,1396,2,10,3,1,3,1,99,3,1,3,2,2642,2755,1,0,11,3,3,0,1,6,3,1,0,0,0,40484,2642,1,0,0,1321.0,0.5,0,0.0,0.0,0.0,0.0,0.0,-1.0,0.0,0.0
42,0,2,1265,1,3,3,1,3,0,95,4,2,4,1,5231,23726,2,1,13,3,2,1,17,1,2,5,3,1,3,53130,10462,85,2,1,1743.6666666666667,0.2777777777777778,2,0.0,0.0,1.0,0.0,0.0,0.0,0.0,0.0
42,0,2,1332,1,2,4,4,1,1,98,2,2,4,2,6781,17078,3,0,23,4,2,0,14,6,3,1,0,0,0,55944,13562,14,2,1,2260.3333333333335,0.06666666666666667,0,0.0,0.0,0.0,0.0,0.0,1.0,0.0,0.0
33,0,0,1038,2,8,1,1,2,0,88,2,1,4,2,2342,21437,0,0,19,3,4,0,3,2,2,2,2,2,2,34254,2342,6,1,0,1171.0,0.5,0,0.0,0.0,0.0,0.0,0.0,-1.0,0.0,0.0
19,0,2,265,1,25,3,1,2,0,57,4,1,4,2,2994,21221,1,1,12,3,4,0,1,2,3,1,0,0,1,5035,2994,1,0,0,1497.0,0.5,3,1.0,0.0,0.0,0.0,0.0,0.0,0.0,0.0
26,0,2,1443,2,23,3,2,3,0,47,2,2,4,1,4157,21436,7,1,19,3,3,1,5,2,2,2,2,0,0,37518,8314,10,0,0,1385.6666666666667,0.3333333333333333,2,0.0,0.0,0.0,0.0,1.0,0.0,0.0,0.0
35,0,2,384,2,8,4,1,1,0,72,3,1,4,1,2572,20317,1,0,16,3,2,1,3,1,2,3,2,0,2,13440,2572,9,1,0,1286.0,0.75,0,0.0,0.0,0.0,0.0,0.0,-1.0,0.0,0.0
47,1,0,666,1,29,4,1,1,1,88,3,3,2,1,11849,10268,1,1,12,3,4,1,10,2,2,10,7,9,9,31302,35547,100,2,2,2962.25,0.9090909090909091,2,0.0,1.0,0.0,0.0,0.0,0.0,0.0,0.0
30,0,1,1312,1,23,3,1,1,1,96,1,1,3,0,2613,22310,1,0,25,4,3,3,10,2,2,10,7,0,9,39360,2613,100,0,0,1306.5,0.9090909090909091,0,1.0,0.0,0.0,0.0,0.0,0.0,0.0,0.0
35,0,2,1349,1,7,2,1,3,1,63,2,1,4,1,2690,7713,1,0,18,3,4,1,1,5,2,1,0,0,1,47215,2690,1,1,0,1345.0,0.5,0,0.0,0.0,1.0,0.0,0.0,0.0,0.0,0.0
32,0,2,117,2,13,4,1,2,1,73,3,2,4,0,4403,9250,2,0,11,3,3,1,8,3,2,5,2,0,3,3744,8806,40,1,0,1467.6666666666667,0.5555555555555556,0,0.0,0.0,0.0,0.0,1.0,0.0,0.0,0.0
34,0,2,401,1,1,3,1,4,0,86,2,1,2,1,3294,3708,5,0,17,3,1,1,7,2,2,5,4,0,2,13634,3294,35,1,0,1647.0,0.625,0,0.0,0.0,1.0,0.0,0.0,0.0,0.0,0.0
55,1,2,725,1,2,3,3,4,1,78,3,5,1,1,19859,21199,5,1,13,3,4,1,24,2,3,5,2,1,4,39875,99295,120,3,2,3309.8333333333335,0.2,3,0.0,1.0,0.0,0.0,0.0,0.0,0.0,0.0
50,0,0,881,1,2,4,1,1,1,98,3,4,1,0,17924,4544,1,0,11,3,4,1,31,3,3,31,6,14,7,44050,71696,961,2,2,3584.8,0.96875,0,0.0,1.0,0.0,0.0,0.0,0.0,0.0,0.0
36,0,2,329,1,2,3,1,4,0,96,3,1,3,1,2543,11868,4,0,13,3,2,1,6,3,3,2,2,2,2,11844,2543,12,1,0,1271.5,0.2857142857142857,0,1.0,0.0,0.0,0.0,0.0,0.0,0.0,0.0
50,0,1,1234,1,20,5,3,2,1,41,3,4,3,1,11245,20689,2,1,15,3,3,1,32,3,3,30,8,12,13,61700,44980,960,2,2,2249.0,0.9090909090909091,3,0.0,0.0,0.0,0.0,0.0,1.0,0.0,0.0
28,1,2,1485,1,12,1,1,3,0,79,3,1,4,1,2515,22955,1,1,11,3,4,0,1,4,2,1,1,0,0,41580,2515,1,0,0,1257.5,0.5,2,0.0,0.0,1.0,0.0,0.0,0.0,0.0,0.0
31,0,2,1463,1,23,3,3,2,1,64,2,2,4,1,5582,14408,0,0,21,4,2,1,10,2,3,9,0,7,8,45353,11164,90,1,1,1860.6666666666667,0.8181818181818182,0,0.0,0.0,0.0,0.0,0.0,1.0,0.0,0.0
36,0,2,1174,2,3,4,2,1,0,99,3,2,2,2,9278,20763,3,1,16,3,4,0,15,3,3,5,4,0,1,42264,18556,75,1,2,3092.6666666666665,0.3125,3,0.0,0.0,0.0,0.0,1.0,0.0,0.0,0.0
27,0,1,294,1,10,2,1,4,1,32,3,3,1,0,8793,4809,1,0,21,4,3,2,9,4,2,9,7,1,7,7938,26379,81,0,2,2198.25,0.9,0,0.0,0.0,0.0,1.0,0.0,0.0,0.0,0.0
32,0,2,1401,2,4,2,1,3,0,56,3,1,2,1,3931,20990,2,0,11,3,1,1,6,5,3,4,3,1,2,44832,3931,24,1,0,1965.5,0.5714285714285714,0,0.0,0.0,0.0,0.0,0.0,-1.0,0.0,0.0
25,0,2,180,1,2,1,3,1,1,65,4,1,1,2,3424,21632,7,0,13,3,3,0,6,3,2,4,3,0,1,4500,3424,24,0,0,1712.0,0.5714285714285714,0,1.0,0.0,0.0,0.0,0.0,0.0,0.0,0.0
40,0,2,1398,2,2,4,1,3,0,79,3,5,3,1,18041,13022,0,0,14,3,4,0,21,2,3,20,15,1,12,55920,90205,420,1,2,3006.8333333333335,0.9090909090909091,0,0.0,1.0,0.0,0.0,0.0,0.0,0.0,0.0
49,0,2,301,1,22,4,4,1,0,72,3,4,2,1,16413,3498,3,0,16,3,2,2,27,2,3,4,2,1,2,14749,65652,108,2,2,3282.6,0.14285714285714285,0,0.0,-1.0,0.0,0.0,0.0,0.0,0.0,0.0
33,0,1,1296,1,6,3,1,3,1,30,3,2,4,0,7725,5335,3,0,23,4,3,1,15,2,1,13,11,4,7,42768,15450,195,1,1,2575.0,0.8125,0,0.0,0.0,0.0,0.0,0.0,1.0,0.0,0.0
32,0,2,827,1,1,1,1,4,1,71,3,1,1,2,2956,15178,1,0,13,3,4,0,1,2,3,1,0,0,0,26464,2956,1,1,0,1478.0,0.5,0,1.0,0.0,0.0,0.0,0.0,0.0,0.0,0.0
36,0,2,1157,2,2,4,1,3,1,70,3,1,4,2,2644,17001,3,1,21,4,4,0,7,3,2,3,2,1,2,41652,2644,21,1,0,1322.0,0.375,2,0.0,0.0,0.0,0.0,0.0,-1.0,0.0,0.0
51,0,2,1405,1,11,2,5,4,0,82,2,4,2,2,13142,24439,3,0,16,3,2,0,29,1,2,5,2,0,3,71655,52568,145,3,2,2628.4,0.16666666666666666,0,0.0,0.0,0.0,1.0,0.0,0.0,0.0,0.0
30,1,1,448,2,12,4,1,2,1,74,2,1,1,1,2033,14470,1,0,18,3,3,1,1,2,4,1,0,0,0,13440,2033,1,0,0,1016.5,0.5,0,0.0,0.0,0.0,0.0,0.0,-1.0,0.0,0.0
54,0,2,584,1,22,5,3,2,0,91,3,4,3,1,17426,18685,3,0,25,4,3,1,36,6,3,10,8,4,7,31536,69704,360,3,2,3485.2,0.2702702702702703,0,0.0,1.0,0.0,0.0,0.0,0.0,0.0,0.0
31,0,1,1125,2,7,4,2,1,0,68,3,3,1,1,9637,8277,2,0,14,3,4,2,9,3,3,3,2,2,2,34875,28911,27,1,2,2409.25,0.3,0,0.0,0.0,0.0,0.0,1.0,0.0,0.0,0.0
35,0,2,802,1,10,3,4,2,1,45,3,1,4,0,3917,9541,1,0,20,4,1,1,3,4,2,3,2,1,2,28070,3917,9,1,0,1958.5,0.75,0,0.0,0.0,1.0,0.0,0.0,0.0,0.0,0.0
47,0,2,207,1,9,4,1,2,0,64,3,1,3,2,2105,5411,4,0,12,3,3,0,7,2,3,2,2,2,0,9729,2105,14,2,0,1052.5,0.25,0,0.0,0.0,1.0,0.0,0.0,0.0,0.0,0.0
45,0,2,974,1,1,4,3,4,0,91,3,1,4,0,2270,11005,3,0,14,3,4,2,8,2,3,5,3,0,2,43830,2270,40,2,0,1135.0,0.5555555555555556,0,0.0,0.0,1.0,0.0,0.0,0.0,0.0,0.0
27,0,2,269,1,5,1,5,3,1,42,2,3,4,0,12808,8842,1,1,16,3,2,1,9,3,3,9,8,0,8,7263,38424,81,0,2,3202.0,0.9,3,0.0,-1.0,0.0,0.0,0.0,0.0,0.0,0.0
47,0,2,1001,1,4,3,1,3,0,92,2,3,2,0,10333,19271,8,1,12,3,3,1,28,4,3,22,11,14,10,47047,30999,616,2,2,2583.25,0.7586206896551724,3,0.0,0.0,0.0,1.0,0.0,0.0,0.0,0.0
55,0,2,1229,1,4,4,1,4,1,30,3,2,3,1,4035,16143,0,1,16,3,2,0,4,2,3,3,2,1,2,67595,8070,12,3,0,1345.0,0.6,3,0.0,0.0,0.0,0.0,0.0,1.0,0.0,0.0
54,0,2,397,0,19,4,3,3,1,88,3,3,2,1,10725,6729,2,0,15,3,3,1,16,1,4,9,7,7,1,21438,32175,144,3,2,2681.25,0.5294117647058824,0,0.0,0.0,1.0,0.0,0.0,0.0,0.0,0.0
31,0,2,1232,1,7,4,3,3,0,39,3,3,4,2,7143,25713,1,1,14,3,3,0,11,2,2,11,9,4,10,38192,21429,121,1,1,1785.75,0.9166666666666666,2,0.0,0.0,0.0,1.0,0.0,0.0,0.0,0.0
41,0,2,1276,2,2,5,1,2,0,91,3,4,1,1,16595,5626,7,0,16,3,2,1,22,2,3,18,16,11,8,52316,66380,396,2,2,3319.0,0.782608695652174,0,0.0,1.0,0.0,0.0,0.0,0.0,0.0,0.0
29,0,1,995,1,2,1,1,1,1,87,3,2,4,0,8853,24483,1,0,19,3,4,1,6,0,4,6,4,1,3,28855,17706,36,0,2,2951.0,0.8571428571428571,0,0.0,0.0,0.0,0.0,0.0,1.0,0.0,0.0
39,0,2,1462,2,6,3,3,4,1,38,4,3,3,1,8237,4658,2,0,11,3,1,1,11,3,3,7,6,7,6,57018,24711,77,1,1,2059.25,0.5833333333333334,0,0.0,0.0,0.0,0.0,1.0,0.0,0.0,0.0
39,0,2,1132,1,1,3,3,3,1,48,4,3,4,0,9613,10942,0,0,17,3,1,3,19,5,2,18,10,3,7,44148,28839,342,1,2,2403.25,0.9,0,0.0,0.0,0.0,0.0,0.0,1.0,0.0,0.0
31,0,2,1222,1,11,4,1,4,1,48,3,1,4,1,2356,14871,3,1,19,3,2,1,8,2,3,6,4,0,2,37882,2356,48,1,0,1178.0,0.6666666666666666,3,1.0,0.0,0.0,0.0,0.0,0.0,0.0,0.0
35,0,2,1276,1,16,3,1,4,1,72,3,3,3,1,7632,14295,4,1,12,3,3,0,10,2,3,8,7,0,0,44660,22896,80,1,1,1908.0,0.7272727272727273,3,0.0,0.0,0.0,0.0,0.0,1.0,0.0,0.0
24,0,2,506,1,29,1,3,2,1,91,3,1,1,0,3907,3622,1,0,13,3,2,3,6,2,4,6,2,1,2,12144,3907,36,0,0,1953.5,0.8571428571428571,0,0.0,0.0,1.0,0.0,0.0,0.0,0.0,0.0
27,0,1,472,1,1,1,5,3,1,60,2,2,1,1,4298,9679,5,0,19,3,3,1,6,1,3,2,2,2,0,12744,8596,12,0,0,1432.6666666666667,0.2857142857142857,0,0.0,0.0,0.0,1.0,0.0,0.0,0.0,0.0
26,0,2,390,1,17,4,3,4,1,62,1,1,3,1,2305,6217,1,0,15,3,3,3,3,3,4,3,2,0,2,10140,2305,9,0,0,1152.5,0.75,0,0.0,0.0,1.0,0.0,0.0,0.0,0.0,0.0
43,0,2,782,1,6,4,4,2,1,50,2,4,4,0,16627,2671,4,1,14,3,3,1,21,3,2,1,0,0,0,33626,66508,21,2,2,3325.4,0.045454545454545456,2,0.0,-1.0,0.0,0.0,0.0,0.0,0.0,0.0
27,0,2,1103,1,14,3,1,1,1,42,3,1,1,1,2235,14377,1,1,14,3,4,2,9,3,2,9,7,6,8,29781,2235,81,0,0,1117.5,0.9,2,1.0,0.0,0.0,0.0,0.0,0.0,0.0,0.0
36,0,1,884,1,23,2,3,3,1,41,4,2,4,1,2571,12290,4,0,17,3,3,1,17,3,3,5,2,0,3,31824,5142,85,1,0,857.0,0.2777777777777778,0,0.0,0.0,1.0,0.0,0.0,0.0,0.0,0.0
31,1,1,754,2,26,4,2,1,1,63,3,2,4,1,5617,21075,1,1,11,3,3,0,10,4,3,10,7,0,8,23374,11234,100,1,1,1872.3333333333333,0.9090909090909091,3,0.0,0.0,0.0,0.0,1.0,0.0,0.0,0.0
50,0,2,691,1,2,3,3,3,1,64,3,4,3,1,17639,6881,5,0,16,3,4,0,30,3,3,4,3,0,3,34550,70556,120,2,2,3527.8,0.12903225806451613,0,0.0,-1.0,0.0,0.0,0.0,0.0,0.0,0.0
33,0,0,750,2,22,2,2,3,1,95,3,2,2,1,6146,15480,0,0,13,3,1,1,8,2,4,7,7,0,7,24750,12292,56,1,1,2048.6666666666665,0.7777777777777778,0,0.0,0.0,0.0,0.0,1.0,0.0,0.0,0.0
36,0,0,217,1,18,4,1,1,1,78,3,2,4,2,7779,23238,2,0,20,4,1,0,18,0,3,11,9,0,9,7812,15558,198,1,1,2593.0,0.5789473684210527,0,0.0,0.0,0.0,1.0,0.0,0.0,0.0,0.0
36,0,2,1041,0,13,3,0,3,1,36,3,1,2,1,2143,25527,4,0,13,3,2,1,8,2,3,5,2,0,4,37476,2143,40,1,0,1071.5,0.5555555555555556,0,0.0,0.0,1.0,0.0,0.0,0.0,0.0,0.0
29,0,0,1496,1,1,1,5,4,1,41,3,2,3,1,4319,26283,1,0,13,3,1,1,10,1,3,10,7,0,9,43384,8638,100,0,0,1439.6666666666667,0.9090909090909091,0,0.0,0.0,0.0,1.0,0.0,0.0,0.0,0.0
26,0,2,1355,0,25,1,1,3,0,61,3,1,3,1,2942,8916,1,0,23,4,4,1,8,3,3,8,7,5,7,35230,2942,64,0,0,1471.0,0.8888888888888888,0,0.0,0.0,1.0,0.0,0.0,0.0,0.0,0.0
43,0,0,1344,1,7,3,3,4,1,37,4,1,4,0,2089,5228,4,0,14,3,4,3,7,3,4,5,4,2,2,57792,2089,35,2,0,1044.5,0.625,0,1.0,0.0,0.0,0.0,0.0,0.0,0.0,0.0
34,0,2,204,2,14,3,5,3,0,31,3,1,3,0,2579,2912,1,1,18,3,4,2,8,3,3,8,2,0,6,6936,2579,64,1,0,1289.5,0.8888888888888888,3,0.0,0.0,0.0,0.0,0.0,-1.0,0.0,0.0
47,0,0,543,2,2,4,2,3,1,87,3,2,2,1,4978,3536,7,0,11,3,4,1,4,3,1,1,0,0,0,25521,9956,4,2,1,1659.3333333333333,0.2,0,0.0,0.0,0.0,0.0,1.0,0.0,0.0,0.0
45,0,2,1385,1,20,2,3,3,1,79,3,4,4,1,13496,7501,0,1,14,3,2,0,21,2,3,20,7,4,10,62325,53984,420,2,2,2699.2,0.9090909090909091,3,0.0,0.0,0.0,0.0,0.0,1.0,0.0,0.0
47,0,2,359,1,2,4,3,1,0,82,3,4,3,1,17169,26703,3,0,19,3,2,2,26,2,4,20,17,5,6,16873,68676,520,2,2,3433.8,0.7407407407407407,0,0.0,-1.0,0.0,0.0,0.0,0.0,0.0,0.0
32,1,2,414,2,2,4,2,3,1,82,2,2,2,2,9907,26186,7,1,12,3,3,0,7,3,2,2,2,2,2,13248,19814,14,1,2,3302.3333333333335,0.25,2,0.0,0.0,0.0,0.0,1.0,0.0,0.0,0.0
53,0,2,447,1,2,3,3,4,1,39,4,4,2,2,16598,19764,4,0,12,3,2,0,35,2,2,9,8,8,8,23691,66392,315,3,2,3319.6,0.25,0,0.0,-1.0,0.0,0.0,0.0,0.0,0.0,0.0
34,0,2,131,2,2,3,2,3,0,86,3,2,1,2,4538,6039,0,1,12,3,4,0,4,3,3,3,2,0,2,4454,9076,12,1,0,1512.6666666666667,0.6,3,0.0,0.0,0.0,0.0,1.0,0.0,0.0,0.0
39,0,2,524,1,18,2,1,1,1,32,3,2,3,2,4534,13352,0,0,11,3,1,0,9,6,3,8,7,1,7,20436,9068,72,1,0,1511.3333333333333,0.8,0,0.0,0.0,0.0,1.0,0.0,0.0,0.0,0.0
28,0,0,120,2,4,3,3,2,1,43,3,2,3,1,4221,8863,1,0,15,3,2,0,5,3,4,5,4,0,4,3360,8442,25,0,0,1407.0,0.8333333333333334,0,0.0,0.0,0.0,0.0,1.0,0.0,0.0,0.0
48,0,1,117,1,22,3,3,4,0,58,3,4,4,0,17174,2437,3,0,11,3,2,1,24,3,3,22,17,4,7,5616,68696,528,2,2,3434.8,0.88,0,0.0,1.0,0.0,0.0,0.0,0.0,0.0,0.0
37,0,2,1319,1,6,3,3,3,1,51,4,2,1,0,5974,17001,4,1,13,3,1,2,13,2,3,7,7,6,7,48803,11948,91,1,1,1991.3333333333333,0.5,3,1.0,0.0,0.0,0.0,0.0,0.0,0.0,0.0
22,1,2,617,1,3,1,1,2,0,34,3,2,3,1,4171,10022,0,1,19,3,1,1,4,3,4,3,2,0,2,13574,8342,12,0,0,1390.3333333333333,0.6,4,0.0,0.0,0.0,1.0,0.0,0.0,0.0,0.0
46,0,2,1009,1,2,3,1,1,1,51,3,4,3,1,17861,2288,6,0,13,3,3,0,26,2,1,3,2,0,1,46414,71444,78,2,2,3572.2,0.1111111111111111,0,0.0,-1.0,0.0,0.0,0.0,0.0,0.0,0.0
46,0,2,717,1,13,4,1,3,1,34,3,2,2,2,5562,9697,6,0,14,3,4,0,19,3,3,10,7,0,9,32982,11124,190,2,1,1854.0,0.5,0,0.0,0.0,0.0,0.0,0.0,1.0,0.0,0.0
47,0,2,703,2,14,4,2,4,1,42,3,2,1,2,4960,11825,2,0,12,3,4,0,20,2,3,7,7,1,7,33041,9920,140,2,1,1653.3333333333333,0.3333333333333333,0,0.0,0.0,0.0,0.0,1.0,0.0,0.0,0.0
24,0,1,897,0,10,3,3,1,1,59,3,1,4,1,2145,2097,0,0,14,3,4,1,3,2,3,2,2,2,1,21528,2145,6,0,0,1072.5,0.5,0,0.0,0.0,1.0,0.0,0.0,0.0,0.0,0.0
42,0,2,1396,1,6,3,3,3,1,83,3,3,1,1,13348,14842,9,0,13,3,2,1,18,3,4,13,7,5,7,58632,40044,234,2,2,3337.0,0.6842105263157895,0,0.0,-1.0,0.0,0.0,0.0,0.0,0.0,0.0
44,0,1,1193,1,2,1,3,2,1,86,3,3,3,2,10209,19719,5,1,18,3,2,0,16,2,2,2,2,2,2,52492,30627,32,2,2,2552.25,0.11764705882352941,2,0.0,0.0,0.0,1.0,0.0,0.0,0.0,0.0
44,0,2,1037,1,1,3,3,2,1,42,3,1,4,2,2436,13422,6,1,12,3,3,0,6,2,3,4,3,1,2,45628,2436,24,2,0,1218.0,0.5714285714285714,3,1.0,0.0,0.0,0.0,0.0,0.0,0.0,0.0
54,0,2,971,1,1,3,3,4,0,54,3,4,4,2,17328,5652,6,0,19,3,4,0,29,3,2,20,7,12,7,52434,69312,580,3,2,3465.6,0.6666666666666666,0,0.0,-1.0,0.0,0.0,0.0,0.0,0.0,0.0
45,0,2,176,0,4,3,1,3,0,56,1,3,3,1,9756,6595,4,0,21,4,3,2,9,2,4,5,0,0,3,7920,29268,45,2,2,2439.0,0.5,0,0.0,0.0,1.0,0.0,0.0,0.0,0.0,0.0
27,0,0,443,1,3,3,3,4,1,50,3,1,4,1,1706,16571,1,0,11,3,3,3,0,6,2,0,0,0,0,11961,1706,0,0,0,853.0,0.0,0,1.0,0.0,0.0,0.0,0.0,0.0,0.0,0.0
30,1,1,464,1,4,3,5,3,1,40,3,1,4,2,2285,3427,9,1,23,4,3,0,3,4,3,1,0,0,0,13920,2285,3,0,0,1142.5,0.25,3,1.0,0.0,0.0,0.0,0.0,0.0,0.0,0.0
27,0,2,1134,1,16,4,5,3,0,37,3,1,2,1,2811,12086,9,0,14,3,2,1,4,2,3,2,2,2,2,30618,2811,8,0,0,1405.5,0.4,0,0.0,0.0,1.0,0.0,0.0,0.0,0.0,0.0
29,0,2,1010,1,1,3,1,1,0,97,3,1,4,0,3760,5598,1,0,15,3,1,3,3,5,3,3,2,1,2,29290,3760,9,0,0,1880.0,0.75,0,1.0,0.0,0.0,0.0,0.0,0.0,0.0,0.0
26,1,1,887,1,5,2,3,3,0,88,2,1,3,1,2366,20898,1,1,14,3,1,1,8,2,3,8,7,1,7,23062,2366,64,0,0,1183.0,0.8888888888888888,3,1.0,0.0,0.0,0.0,0.0,0.0,0.0,0.0
36,0,2,1040,1,3,2,1,4,1,79,4,2,1,0,6842,26308,6,0,20,4,1,1,13,3,3,5,4,0,4,37440,13684,65,1,1,2280.6666666666665,0.35714285714285715,0,0.0,0.0,0.0,0.0,0.0,1.0,0.0,0.0
29,0,2,738,1,9,5,4,2,1,30,2,1,4,2,3983,7621,0,0,17,3,3,0,4,2,3,3,2,2,2,21402,3983,12,0,0,1991.5,0.6,0,0.0,0.0,1.0,0.0,0.0,0.0,0.0,0.0
33,1,2,118,2,16,3,2,1,0,69,3,2,1,2,5324,26507,5,0,15,3,3,0,6,3,3,3,2,0,2,3894,10648,18,1,1,1774.6666666666667,0.42857142857142855,0,0.0,0.0,0.0,0.0,1.0,0.0,0.0,0.0
54,0,2,1441,1,17,3,5,3,0,56,3,3,3,1,10739,13943,8,0,11,3,3,1,22,2,3,10,7,0,8,77814,32217,220,3,2,2684.75,0.43478260869565216,0,0.0,0.0,0.0,1.0,0.0,0.0,0.0,0.0
31,1,2,1365,2,13,4,3,2,1,46,3,2,1,0,4233,11512,2,0,17,3,3,0,9,2,1,3,1,1,2,42315,8466,27,1,0,1411.0,0.3,0,0.0,0.0,0.0,0.0,1.0,0.0,0.0,0.0
40,0,2,1300,1,24,2,5,1,1,62,3,2,4,0,3319,24447,1,0,17,3,1,2,9,3,3,9,8,4,7,52000,6638,81,1,0,1106.3333333333333,0.9,0,1.0,0.0,0.0,0.0,0.0,0.0,0.0,0.0
47,0,2,1176,0,26,4,1,4,0,98,3,5,3,1,19658,5220,3,0,11,3,3,1,27,2,3,5,2,1,0,55272,98290,135,2,2,3276.3333333333335,0.17857142857142858,0,0.0,1.0,0.0,0.0,0.0,0.0,0.0,0.0
30,0,1,1312,1,2,4,5,4,0,78,2,1,1,2,4968,26427,0,0,16,3,4,0,10,2,3,9,7,0,7,39360,4968,90,0,1,2484.0,0.8181818181818182,0,1.0,0.0,0.0,0.0,0.0,0.0,0.0,0.0
31,0,2,670,1,26,1,1,1,1,31,3,1,3,0,2911,15170,1,0,17,3,4,1,5,1,2,5,2,4,3,20770,2911,25,1,0,1455.5,0.8333333333333334,0,1.0,0.0,0.0,0.0,0.0,0.0,0.0,0.0
38,0,1,653,1,29,5,1,4,0,50,3,2,4,2,2406,5456,1,0,11,3,4,0,10,2,3,10,3,9,9,24814,4812,100,1,0,802.0,0.9090909090909091,0,0.0,0.0,1.0,0.0,0.0,0.0,0.0,0.0
35,0,2,1296,1,5,4,5,3,1,62,3,3,2,2,8095,18264,0,0,13,3,4,0,17,5,3,16,6,0,13,45360,24285,272,1,1,2023.75,0.8888888888888888,0,0.0,0.0,0.0,1.0,0.0,0.0,0.0,0.0
56,0,2,1369,1,23,3,1,4,1,68,3,4,2,1,13402,18235,4,1,12,3,1,1,33,0,3,19,16,15,9,76664,53608,627,3,2,2680.4,0.5588235294117647,3,0.0,0.0,0.0,1.0,0.0,0.0,0.0,0.0
37,0,1,319,2,4,4,2,1,1,41,3,1,4,0,2793,2539,4,0,17,3,3,1,13,2,3,9,8,5,8,11803,2793,117,1,0,1396.5,0.6428571428571429,0,0.0,0.0,0.0,0.0,0.0,-1.0,0.0,0.0
34,0,0,1065,2,23,4,2,2,1,72,3,2,3,2,4568,10034,0,0,20,4,3,0,10,2,3,9,5,8,7,36210,9136,90,1,0,1522.6666666666667,0.8181818181818182,0,0.0,0.0,0.0,0.0,1.0,0.0,0.0,0.0
41,1,2,1085,1,2,4,1,2,0,57,1,1,4,0,2778,17725,4,1,13,3,3,1,10,1,2,7,7,1,0,44485,2778,70,2,0,1389.0,0.6363636363636364,2,0.0,0.0,1.0,0.0,0.0,0.0,0.0,0.0
40,0,2,543,1,1,4,1,1,1,83,3,1,4,1,2406,4060,8,0,19,3,3,2,8,3,2,1,0,0,0,21720,2406,8,1,0,1203.0,0.1111111111111111,0,0.0,0.0,1.0,0.0,0.0,0.0,0.0,0.0
50,0,2,1126,1,1,2,3,4,1,66,3,4,4,0,17399,6615,9,0,22,4,3,1,32,1,2,5,4,1,3,56300,69596,160,2,2,3479.8,0.15151515151515152,0,0.0,-1.0,0.0,0.0,0.0,0.0,0.0,0.0
39,0,0,1485,1,25,2,1,3,1,71,3,3,3,1,10920,3449,3,0,21,4,2,1,13,2,3,6,4,0,5,57915,32760,78,1,2,2730.0,0.42857142857142855,0,0.0,0.0,0.0,0.0,0.0,1.0,0.0,0.0
21,0,2,984,1,1,1,5,4,0,70,2,1,2,2,2070,25326,1,1,11,3,3,0,2,6,4,2,2,2,2,20664,2070,4,0,0,1035.0,0.6666666666666666,4,1.0,0.0,0.0,0.0,0.0,0.0,0.0,0.0
38,0,0,1336,0,2,3,0,1,1,100,3,1,2,0,2592,7129,5,0,13,3,4,3,13,3,3,11,10,3,8,50768,2592,143,1,0,1296.0,0.7857142857142857,0,0.0,0.0,1.0,0.0,0.0,0.0,0.0,0.0
39,0,2,1253,1,10,1,3,3,1,65,3,3,3,2,13464,7914,7,0,21,4,3,0,9,3,3,4,3,2,2,48867,40392,36,1,2,3366.0,0.4,0,0.0,-1.0,0.0,0.0,0.0,0.0,0.0,0.0
34,0,2,735,2,3,1,3,4,0,75,2,2,4,1,8103,16495,3,1,12,3,3,0,9,3,2,4,2,0,1,24990,16206,36,1,1,2701.0,0.4,2,0.0,0.0,0.0,0.0,1.0,0.0,0.0,0.0
39,1,2,360,1,23,3,3,3,1,93,3,1,1,2,3904,22154,0,0,13,3,1,0,6,2,3,5,2,0,3,14040,3904,30,1,0,1952.0,0.7142857142857143,0,1.0,0.0,0.0,0.0,0.0,0.0,0.0,0.0
32,1,1,238,1,5,2,1,1,0,47,4,1,3,2,2432,15318,3,1,14,3,1,0,8,2,3,4,1,0,3,7616,2432,32,1,0,1216.0,0.4444444444444444,3,1.0,0.0,0.0,0.0,0.0,0.0,0.0,0.0
33,0,2,134,1,2,3,1,3,1,90,3,1,4,2,2500,10515,0,0,14,3,1,0,4,2,4,3,1,0,2,4422,2500,12,1,0,1250.0,0.6,0,1.0,0.0,0.0,0.0,0.0,0.0,0.0,0.0
38,0,2,243,2,7,4,2,4,0,46,2,2,4,2,4028,7791,0,0,20,4,1,0,8,2,3,7,7,0,5,9234,8056,56,1,0,1342.6666666666667,0.7777777777777778,0,0.0,0.0,0.0,0.0,1.0,0.0,0.0,0.0
45,0,2,1448,1,29,3,5,2,1,55,3,3,4,1,9380,14720,4,1,18,3,4,2,10,4,4,3,1,1,2,65160,28140,30,2,2,2345.0,0.2727272727272727,4,0.0,0.0,0.0,1.0,0.0,0.0,0.0,0.0
39,0,1,711,1,4,3,3,1,0,81,3,2,3,2,5042,3140,0,0,13,3,4,0,10,2,1,9,2,3,8,27729,10084,90,1,1,1680.6666666666667,0.8181818181818182,0,0.0,0.0,0.0,1.0,0.0,0.0,0.0,0.0
56,0,2,713,1,8,3,1,3,0,67,3,1,1,0,4257,13939,4,1,18,3,3,1,19,3,3,2,2,2,2,39928,4257,38,3,0,2128.5,0.1,3,1.0,0.0,0.0,0.0,0.0,0.0,0.0,0.0
46,0,2,1485,1,18,3,3,3,0,87,3,2,3,0,4810,26314,2,0,14,3,3,1,19,5,2,10,7,0,8,68310,9620,190,2,0,1603.3333333333333,0.5,0,0.0,0.0,0.0,1.0,0.0,0.0,0.0,0.0
33,0,1,515,1,1,2,1,1,0,98,3,3,4,2,13458,15146,1,1,12,3,3,0,15,1,3,15,14,8,12,16995,40374,225,1,2,3364.5,0.9375,3,0.0,-1.0,0.0,0.0,0.0,0.0,0.0,0.0
53,0,2,1376,2,2,2,3,3,1,45,3,4,3,0,14852,13938,6,0,13,3,3,1,22,3,4,17,13,15,2,72928,59408,374,3,2,2970.4,0.7391304347826086,0,0.0,1.0,0.0,0.0,0.0,0.0,0.0,0.0
30,0,2,317,1,2,3,1,3,0,43,1,2,4,2,6091,24793,2,0,20,4,3,0,11,2,3,5,4,0,2,9510,12182,55,0,1,2030.3333333333333,0.4166666666666667,0,0.0,0.0,0.0,1.0,0.0,0.0,0.0,0.0
47,0,2,1482,1,5,5,1,4,1,42,3,5,3,1,18300,16375,4,0,11,3,2,1,21,2,3,3,2,1,1,69654,91500,63,2,2,3050.0,0.13636363636363635,0,0.0,-1.0,0.0,0.0,0.0,0.0,0.0,0.0
25,0,2,810,2,8,3,1,4,1,57,4,2,2,1,4851,15678,0,0,22,4,3,1,4,4,3,3,2,1,2,20250,9702,12,0,0,1617.0,0.6,0,0.0,0.0,0.0,0.0,1.0,0.0,0.0,0.0
28,1,2,329,1,24,3,3,3,1,51,3,1,2,1,2408,7324,1,1,17,3,3,3,1,3,3,1,1,0,0,9212,2408,1,0,0,1204.0,0.5,3,0.0,0.0,1.0,0.0,0.0,0.0,0.0,0.0
35,1,2,556,1,23,2,1,2,1,50,2,2,3,1,5916,15497,3,1,13,3,1,0,8,1,3,1,0,0,1,19460,11832,8,1,1,1972.0,0.1111111111111111,3,0.0,0.0,0.0,1.0,0.0,0.0,0.0,0.0
43,0,1,957,1,28,3,3,2,0,72,4,1,3,2,4739,16090,4,0,12,3,4,0,18,2,3,3,2,1,2,41151,4739,54,2,0,2369.5,0.15789473684210525,0,1.0,0.0,0.0,0.0,0.0,0.0,0.0,0.0
43,0,2,1001,1,7,3,1,3,0,43,3,3,1,1,9985,9262,8,0,16,3,1,1,10,1,2,1,0,0,0,43043,29955,10,2,2,2496.25,0.09090909090909091,0,0.0,0.0,0.0,0.0,0.0,1.0,0.0,0.0
46,1,2,261,1,21,2,3,4,0,66,3,2,2,1,8926,10842,4,0,22,4,4,1,13,2,4,9,7,3,7,12006,17852,117,2,2,2975.3333333333335,0.6428571428571429,0,0.0,0.0,0.0,0.0,0.0,1.0,0.0,0.0
22,0,2,1136,1,5,3,1,4,1,60,4,1,2,0,2328,12392,1,1,16,3,1,1,4,2,2,4,2,2,2,24992,2328,16,0,0,1164.0,0.8,2,1.0,0.0,0.0,0.0,0.0,0.0,0.0,0.0
42,0,2,647,2,4,4,2,2,1,45,3,2,1,2,5155,2253,7,0,13,3,4,0,9,3,4,6,4,1,5,27174,10310,54,2,1,1718.3333333333333,0.6,0,0.0,0.0,0.0,0.0,1.0,0.0,0.0,0.0
34,0,2,1130,1,3,3,1,4,0,66,3,2,2,0,5433,19332,1,0,12,3,3,1,11,2,3,11,8,7,9,38420,10866,121,1,1,1811.0,0.9166666666666666,0,1.0,0.0,0.0,0.0,0.0,0.0,0.0,0.0
48,0,2,1469,1,20,4,3,4,1,51,3,1,3,1,2259,5543,4,0,17,3,1,2,13,2,2,0,0,0,0,70512,2259,0,2,0,1129.5,0.0,0,1.0,0.0,0.0,0.0,0.0,0.0,0.0,0.0
34,0,1,653,1,10,4,5,4,1,92,2,2,3,1,5063,15332,1,0,14,3,2,1,8,3,2,8,2,7,7,22202,10126,64,1,1,1687.6666666666667,0.8888888888888888,0,0.0,0.0,0.0,0.0,0.0,1.0,0.0,0.0
55,0,2,111,2,1,2,1,1,1,70,3,3,4,1,10239,18092,3,0,14,3,4,1,24,4,3,1,0,1,0,6105,30717,24,3,2,2559.75,0.04,0,0.0,0.0,0.0,0.0,1.0,0.0,0.0,0.0
47,0,2,1180,1,25,3,3,1,1,84,3,3,3,2,8633,13084,2,0,23,4,2,0,25,3,3,17,14,12,11,55460,25899,425,2,2,2158.25,0.6538461538461539,0,0.0,0.0,0.0,0.0,0.0,1.0,0.0,0.0
52,0,0,715,1,19,4,3,4,1,41,3,1,4,1,4258,26589,0,0,18,3,1,1,5,3,3,4,3,1,2,37180,4258,20,3,0,2129.0,0.6666666666666666,0,1.0,0.0,0.0,0.0,0.0,0.0,0.0,0.0
20,0,2,727,2,9,1,1,4,1,54,3,1,1,2,2728,21082,1,0,11,3,1,0,2,3,3,2,2,0,2,14540,2728,4,0,0,1364.0,0.6666666666666666,0,0.0,0.0,0.0,0.0,0.0,-1.0,0.0,0.0
35,0,2,1137,1,21,1,1,4,0,51,3,2,4,1,4014,19170,1,1,25,4,4,1,10,2,1,10,6,0,7,39795,8028,100,1,0,1338.0,0.9090909090909091,1,0.0,0.0,0.0,0.0,0.0,1.0,0.0,0.0
44,0,2,1459,1,10,4,4,4,1,41,3,2,4,1,6465,19121,2,1,13,3,4,0,9,5,4,4,2,1,3,64196,12930,36,2,1,2155.0,0.4,4,0.0,0.0,0.0,0.0,0.0,1.0,0.0,0.0
23,0,2,885,1,4,3,3,1,1,58,4,1,1,1,2819,8544,2,0,16,3,1,1,5,3,4,3,2,0,2,20355,2819,15,0,0,1409.5,0.5,0,1.0,0.0,0.0,0.0,0.0,0.0,0.0,0.0
38,0,2,201,1,10,3,3,2,0,99,1,3,3,1,13206,3376,3,0,12,3,1,1,20,3,3,18,16,1,11,7638,39618,360,1,2,3301.5,0.8571428571428571,0,0.0,-1.0,0.0,0.0,0.0,0.0,0.0,0.0
45,0,2,1038,1,20,3,3,2,1,95,1,3,1,0,10851,19863,2,1,18,3,2,1,24,2,3,7,7,0,7,46710,32553,168,2,2,2712.75,0.28,3,0.0,0.0,0.0,0.0,0.0,1.0,0.0,0.0
32,1,2,964,2,1,2,1,1,1,34,1,2,2,2,6735,12147,6,0,15,3,2,0,10,2,3,0,0,0,0,30848,13470,0,1,1,2245.0,0.0,0,0.0,0.0,0.0,0.0,1.0,0.0,0.0,0.0
40,1,2,575,2,22,2,2,3,1,68,2,2,3,1,6380,6110,2,1,12,3,1,2,8,6,3,6,4,1,0,23000,12760,48,1,1,2126.6666666666665,0.6666666666666666,3,0.0,0.0,0.0,0.0,1.0,0.0,0.0,0.0
35,0,2,1361,2,17,4,1,3,1,94,3,2,1,1,8966,21026,3,1,15,3,4,3,15,2,3,7,7,1,7,47635,17932,105,1,2,2988.6666666666665,0.4375,3,0.0,0.0,0.0,0.0,1.0,0.0,0.0,0.0
53,0,2,346,1,6,3,1,4,1,86,3,2,4,2,2450,10919,2,0,17,3,4,0,19,4,3,2,2,2,2,18338,4900,38,3,0,816.6666666666666,0.1,0,0.0,0.0,1.0,0.0,0.0,0.0,0.0,0.0
32,0,2,604,2,8,3,3,3,1,56,4,2,4,1,6209,11693,1,0,15,3,3,2,10,4,4,10,7,0,8,19328,12418,100,1,1,2069.6666666666665,0.9090909090909091,0,0.0,0.0,0.0,0.0,1.0,0.0,0.0,0.0
34,0,2,704,2,28,3,2,4,0,95,2,2,3,1,6712,8978,1,0,21,4,4,2,8,2,3,8,7,1,7,23936,13424,64,1,1,2237.3333333333335,0.8888888888888888,0,0.0,0.0,0.0,0.0,1.0,0.0,0.0,0.0
27,0,2,1157,1,17,3,5,3,1,51,3,1,2,1,3058,13364,0,1,16,3,4,1,6,3,2,5,2,1,1,31239,3058,30,0,0,1529.0,0.7142857142857143,2,1.0,0.0,0.0,0.0,0.0,0.0,0.0,0.0
42,0,1,748,1,9,2,3,1,0,74,3,1,4,2,3673,16458,1,0,13,3,3,0,12,3,3,12,9,5,8,31416,3673,144,2,0,1836.5,0.9230769230769231,0,0.0,0.0,1.0,0.0,0.0,0.0,0.0,0.0
28,0,1,783,2,1,2,1,3,1,42,2,2,4,1,6834,19255,1,1,12,3,3,1,7,2,3,7,7,0,7,21924,13668,49,0,1,2278.0,0.875,3,0.0,0.0,0.0,0.0,1.0,0.0,0.0,0.0
45,0,2,194,1,9,3,1,2,1,60,3,2,2,0,2348,10901,8,0,18,3,3,1,20,2,1,17,9,0,15,8730,4696,340,2,0,782.6666666666666,0.8095238095238095,0,0.0,0.0,1.0,0.0,0.0,0.0,0.0,0.0
40,0,2,616,1,2,2,1,3,0,99,3,1,1,1,3377,25605,4,0,17,3,4,1,7,5,2,4,3,0,2,24640,3377,28,1,0,1688.5,0.5,0,0.0,0.0,1.0,0.0,0.0,0.0,0.0,0.0
52,0,2,258,1,8,4,4,3,0,54,3,1,1,1,2950,17363,9,0,13,3,3,0,12,2,1,5,4,0,4,13416,2950,60,3,0,1475.0,0.38461538461538464,0,0.0,0.0,1.0,0.0,0.0,0.0,0.0,0.0
18,0,0,1124,1,1,3,1,4,0,97,3,1,4,2,1611,19305,1,0,15,3,3,0,0,5,4,0,0,0,0,20232,1611,0,0,0,805.5,0.0,0,0.0,0.0,1.0,0.0,0.0,0.0,0.0,0.0
35,0,2,817,1,1,3,3,4,0,60,2,2,4,1,5363,10846,0,0,12,3,2,1,10,0,3,9,7,0,0,28595,10726,90,1,1,1787.6666666666667,0.8181818181818182,0,0.0,0.0,1.0,0.0,0.0,0.0,0.0,0.0
46,0,2,150,1,2,4,5,4,1,60,3,2,4,0,7379,17433,2,0,11,3,3,1,12,3,2,6,3,1,4,6900,14758,72,2,1,2459.6666666666665,0.46153846153846156,0,0.0,0.0,0.0,1.0,0.0,0.0,0.0,0.0
42,0,2,269,1,2,3,3,4,0,56,2,1,1,0,2593,8007,0,1,11,3,3,1,10,4,3,9,6,7,8,11298,2593,90,2,0,1296.5,0.8181818181818182,3,0.0,0.0,1.0,0.0,0.0,0.0,0.0,0.0
34,0,2,829,0,3,2,0,3,1,88,3,1,4,1,3737,2243,0,0,19,3,3,1,4,1,1,3,2,0,2,28186,3737,12,1,0,1868.5,0.6,0,0.0,0.0,1.0,0.0,0.0,0.0,0.0,0.0
42,0,2,1059,1,9,2,4,4,1,93,2,5,4,2,19613,26362,8,0,22,4,4,0,24,2,3,1,0,0,1,44478,98065,24,2,2,3268.8333333333335,0.04,0,0.0,1.0,0.0,0.0,0.0,0.0,0.0,0.0
53,0,2,868,2,8,3,2,1,1,73,3,4,4,1,11836,22789,5,0,14,3,3,1,28,3,3,2,0,2,2,46004,47344,56,3,2,2367.2,0.06896551724137931,0,0.0,0.0,0.0,0.0,1.0,0.0,0.0,0.0
30,0,2,1339,2,5,3,1,2,0,41,3,3,4,1,9419,8053,2,0,12,3,3,1,12,2,3,10,9,7,4,40170,28257,120,0,2,2354.75,0.7692307692307693,0,0.0,0.0,0.0,0.0,1.0,0.0,0.0,0.0
54,0,2,548,1,8,4,1,3,0,42,3,2,3,2,3780,23428,7,0,11,3,3,0,19,3,3,1,0,0,0,29592,7560,19,3,0,1260.0,0.05,0,0.0,0.0,1.0,0.0,0.0,0.0,0.0,0.0
31,0,2,746,1,8,4,1,3,0,61,3,2,4,2,4424,20682,1,0,23,4,4,0,11,2,3,11,7,1,8,23126,8848,121,1,0,1474.6666666666667,0.9166666666666666,0,0.0,0.0,0.0,1.0,0.0,0.0,0.0,0.0
29,0,2,592,1,7,3,1,4,1,59,3,1,1,2,2062,19384,3,0,14,3,2,0,11,2,3,3,2,1,2,17168,2062,33,0,0,1031.0,0.25,0,0.0,0.0,1.0,0.0,0.0,0.0,0.0,0.0
31,0,0,325,1,5,3,3,2,1,74,3,2,1,2,9936,3787,0,0,19,3,2,0,10,2,3,9,4,1,7,10075,19872,90,1,2,3312.0,0.8181818181818182,0,0.0,0.0,0.0,1.0,0.0,0.0,0.0,0.0
31,0,2,1332,1,11,2,3,3,1,80,3,2,1,1,6833,17089,1,1,12,3,4,0,6,2,2,6,5,0,1,41292,13666,36,1,1,2277.6666666666665,0.8571428571428571,2,0.0,0.0,0.0,0.0,0.0,1.0,0.0,0.0
33,0,1,1303,1,7,2,1,4,1,36,3,2,3,0,5968,18079,1,0,20,4,3,3,9,2,3,9,7,2,8,42999,11936,81,1,1,1989.3333333333333,0.9,0,0.0,0.0,0.0,0.0,0.0,1.0,0.0,0.0
20,1,2,129,1,4,3,5,1,1,84,3,1,1,2,2973,13008,1,0,19,3,2,0,1,2,3,1,0,0,0,2580,2973,1,0,0,1486.5,0.5,0,0.0,0.0,1.0,0.0,0.0,0.0,0.0,0.0
49,0,2,1245,1,18,4,1,4,1,58,2,5,3,0,19502,2125,1,1,17,3,3,1,31,5,3,31,9,0,9,61005,97510,961,2,2,3250.3333333333335,0.96875,3,0.0,-1.0,0.0,0.0,0.0,0.0,0.0,0.0
49,0,2,1261,1,7,3,4,2,1,31,2,3,3,2,10965,12066,8,0,24,4,3,0,26,2,3,5,2,0,0,61789,32895,130,2,2,2741.25,0.18518518518518517,0,0.0,0.0,0.0,0.0,0.0,1.0,0.0,0.0
55,0,1,135,1,18,4,3,3,1,62,3,2,2,1,6385,12992,3,1,14,3,4,2,17,3,3,8,7,6,7,7425,12770,136,3,1,2128.3333333333335,0.4444444444444444,3,0.0,0.0,0.0,0.0,0.0,1.0,0.0,0.0
24,0,2,1127,1,18,1,1,2,1,52,3,1,3,1,2774,13257,0,0,12,3,3,1,6,2,3,5,3,1,2,27048,2774,30,0,0,1387.0,0.7142857142857143,0,0.0,0.0,1.0,0.0,0.0,0.0,0.0,0.0
58,1,2,601,1,7,4,3,3,0,53,2,3,1,1,10008,12023,7,1,14,3,4,0,31,0,2,10,9,5,9,34858,30024,310,3,2,2502.0,0.3125,2,0.0,0.0,0.0,1.0,0.0,0.0,0.0,0.0
33,0,2,654,1,5,3,1,4,1,34,2,3,4,0,7119,21214,4,0,15,3,3,1,9,2,3,3,2,1,2,21582,21357,27,1,1,1779.75,0.3,0,0.0,0.0,0.0,0.0,0.0,1.0,0.0,0.0
37,0,0,1413,1,5,2,5,3,1,84,4,1,3,2,3500,25470,0,0,14,3,1,0,7,2,1,6,5,1,3,52281,3500,42,1,0,1750.0,0.75,0,0.0,0.0,1.0,0.0,0.0,0.0,0.0,0.0
37,0,2,290,1,21,3,1,2,1,65,4,1,1,1,3564,22977,1,1,12,3,1,1,8,3,2,8,7,1,7,10730,3564,64,1,0,1782.0,0.8888888888888888,2,1.0,0.0,0.0,0.0,0.0,0.0,0.0,0.0
24,0,2,1476,2,4,1,3,4,0,42,3,2,3,1,4162,15211,1,1,12,3,3,2,5,3,3,5,4,0,3,35424,8324,25,0,0,1387.3333333333333,0.8333333333333334,3,0.0,0.0,0.0,0.0,1.0,0.0,0.0,0.0
58,0,0,390,1,1,4,1,4,1,32,1,2,3,0,5660,17056,2,1,13,3,4,1,12,2,3,5,3,1,2,22620,11320,60,3,1,1886.6666666666667,0.38461538461538464,3,0.0,0.0,0.0,0.0,0.0,1.0,0.0,0.0
32,1,1,1125,1,16,1,1,2,0,72,1,1,1,2,3919,4681,1,1,22,4,2,0,10,5,3,10,2,6,7,36000,3919,100,1,0,1959.5,0.9090909090909091,3,1.0,0.0,0.0,0.0,0.0,0.0,0.0,0.0
20,1,1,769,2,9,3,2,4,0,54,3,1,4,2,2323,17205,1,1,14,3,2,0,2,3,3,2,2,0,2,15380,2323,4,0,0,1161.5,0.6666666666666666,3,0.0,0.0,0.0,0.0,0.0,-1.0,0.0,0.0
43,0,1,394,2,26,2,1,3,1,92,3,4,4,1,16959,19494,1,1,12,3,4,2,25,3,4,25,12,4,12,16942,67836,625,2,2,3391.8,0.9615384615384616,4,0.0,1.0,0.0,0.0,0.0,0.0,0.0,0.0
33,0,2,217,2,10,4,2,2,1,43,3,2,3,2,5487,10410,1,0,14,3,2,0,10,2,2,10,4,0,9,7161,10974,100,1,1,1829.0,0.9090909090909091,0,0.0,0.0,0.0,0.0,1.0,0.0,0.0,0.0
33,1,2,211,2,16,3,1,1,0,74,3,3,1,2,8564,10092,2,1,20,4,3,0,11,2,2,0,0,0,0,6963,25692,0,1,2,2141.0,0.0,2,0.0,0.0,0.0,0.0,1.0,0.0,0.0,0.0
32,0,2,906,2,7,3,1,4,1,91,2,2,3,1,5484,16985,1,0,14,3,3,1,13,3,2,13,8,4,8,28992,10968,169,1,1,1828.0,0.9285714285714286,0,0.0,0.0,0.0,0.0,1.0,0.0,0.0,0.0
54,0,1,1050,1,11,4,3,2,0,87,3,4,4,0,16032,24456,3,0,20,4,1,1,26,2,3,14,9,1,12,56700,64128,364,3,2,3206.4,0.5185185185185185,0,0.0,1.0,0.0,0.0,0.0,0.0,0.0,0.0
31,0,2,329,1,1,2,1,4,1,98,2,1,1,1,2218,16193,1,0,12,3,3,1,4,3,3,4,2,3,2,10199,2218,16,1,0,1109.0,0.8,0,0.0,0.0,1.0,0.0,0.0,0.0,0.0,0.0
31,1,1,703,2,2,3,1,3,0,90,2,1,4,2,2785,11882,7,0,14,3,3,0,3,3,4,1,0,0,0,21793,2785,3,1,0,1392.5,0.25,0,0.0,0.0,0.0,0.0,0.0,-1.0,0.0,0.0
42,0,2,1210,1,2,3,3,3,1,68,2,1,2,1,4841,24052,4,0,14,3,2,1,4,3,3,1,0,0,0,50820,4841,4,2,0,2420.5,0.2,0,0.0,0.0,1.0,0.0,0.0,0.0,0.0,0.0
42,0,2,419,2,12,4,2,2,1,77,3,2,4,0,5087,2900,3,1,12,3,3,2,14,4,3,0,0,0,0,17598,10174,0,2,1,1695.6666666666667,0.0,3,0.0,0.0,0.0,0.0,1.0,0.0,0.0,0.0
55,0,2,836,1,8,3,3,4,0,33,3,4,3,0,14756,19730,2,1,14,3,3,3,21,2,3,5,0,0,2,45980,59024,105,3,2,2951.2,0.22727272727272727,3,0.0,1.0,0.0,0.0,0.0,0.0,0.0,0.0
33,0,2,1099,1,4,4,3,1,0,82,2,1,2,1,3838,8192,8,0,11,3,4,0,8,5,3,5,4,0,2,36267,3838,40,1,0,1919.0,0.5555555555555556,0,0.0,0.0,1.0,0.0,0.0,0.0,0.0,0.0
30,1,2,138,1,22,3,1,1,0,48,3,1,3,1,2132,11539,4,1,11,3,2,0,7,2,3,5,2,0,1,4140,2132,35,0,0,1066.0,0.625,3,1.0,0.0,0.0,0.0,0.0,0.0,0.0,0.0
56,0,1,906,2,6,3,1,3,0,86,4,4,1,1,13212,18256,9,0,11,3,4,3,36,0,2,7,7,7,7,50736,52848,252,3,2,2642.4,0.1891891891891892,0,0.0,0.0,0.0,0.0,1.0,0.0,0.0,0.0
41,0,0,247,1,7,1,1,2,0,55,1,5,3,0,19973,20284,1,0,22,4,2,2,21,3,3,21,16,5,10,10127,99865,441,2,2,3328.8333333333335,0.9545454545454546,0,0.0,-1.0,0.0,0.0,0.0,0.0,0.0,0.0
25,0,2,959,2,28,3,1,1,1,41,2,2,3,1,8639,24835,2,0,18,3,4,0,6,3,3,2,2,2,2,23975,17278,12,0,2,2879.6666666666665,0.2857142857142857,0,0.0,0.0,0.0,0.0,1.0,0.0,0.0,0.0
31,0,2,326,2,8,2,1,1,1,31,3,3,4,0,10793,8386,1,0,18,3,1,1,13,5,3,13,7,9,9,10106,32379,169,1,2,2698.25,0.9285714285714286,0,0.0,0.0,0.0,0.0,1.0,0.0,0.0,0.0
55,0,2,1441,1,22,3,5,1,1,94,2,1,2,0,3537,23737,5,0,12,3,4,1,8,1,3,4,2,1,2,79255,3537,32,3,0,1768.5,0.4444444444444444,0,1.0,0.0,0.0,0.0,0.0,0.0,0.0,0.0
47,1,1,719,2,27,2,1,2,0,77,4,2,3,2,6397,10339,4,1,12,3,4,0,8,2,3,5,4,1,3,33793,12794,40,2,1,2132.3333333333335,0.5555555555555556,3,0.0,0.0,0.0,0.0,1.0,0.0,0.0,0.0
52,0,0,771,2,2,4,1,1,1,79,2,5,3,2,19068,21030,1,1,18,3,4,0,33,2,4,33,7,15,12,40092,95340,1089,3,2,3178.0,0.9705882352941176,4,0.0,1.0,0.0,0.0,0.0,0.0,0.0,0.0
52,1,2,1030,2,5,3,1,2,1,64,3,3,2,2,8446,21534,9,1,19,3,3,0,10,2,2,8,7,7,7,53560,25338,80,3,2,2111.5,0.7272727272727273,2,0.0,0.0,0.0,0.0,1.0,0.0,0.0,0.0
33,0,2,147,1,4,4,3,3,0,47,2,1,2,1,2622,13248,6,0,21,4,4,0,7,3,3,3,2,1,1,4851,2622,21,1,0,1311.0,0.375,0,1.0,0.0,0.0,0.0,0.0,0.0,0.0,0.0
27,0,2,1469,1,1,2,3,4,1,82,3,1,2,0,3816,17881,1,0,11,3,2,1,5,2,3,5,2,0,4,39663,3816,25,0,0,1908.0,0.8333333333333334,0,0.0,0.0,1.0,0.0,0.0,0.0,0.0,0.0
35,0,2,1029,1,16,3,1,4,0,91,2,3,2,2,8606,21195,1,0,19,3,4,0,11,3,1,11,8,3,3,36015,25818,121,1,2,2151.5,0.9166666666666666,0,0.0,0.0,0.0,0.0,0.0,1.0,0.0,0.0
19,1,2,528,2,22,1,2,4,1,50,3,1,3,2,1675,26820,1,1,19,3,4,0,0,2,2,0,0,0,0,10032,1675,0,0,0,837.5,0.0,2,0.0,0.0,0.0,0.0,0.0,-1.0,0.0,0.0
36,0,1,688,1,4,2,1,4,0,97,3,2,2,0,5131,9192,7,0,13,3,2,3,18,3,3,4,2,0,2,24768,10262,72,1,1,1710.3333333333333,0.21052631578947367,0,0.0,0.0,0.0,1.0,0.0,0.0,0.0,0.0
45,0,2,950,1,28,3,5,4,1,97,3,1,4,1,2132,4585,4,0,20,4,4,1,8,3,3,5,4,0,3,42750,2132,40,2,0,1066.0,0.5555555555555556,0,1.0,0.0,0.0,0.0,0.0,0.0,0.0,0.0
34,1,1,658,1,7,3,1,1,1,66,1,2,3,2,6074,22887,1,1,24,4,4,0,9,3,3,9,7,0,6,22372,12148,81,1,1,2024.6666666666667,0.9,3,0.0,0.0,1.0,0.0,0.0,0.0,0.0,0.0
29,0,2,136,1,1,3,1,1,1,89,3,2,1,1,5373,6225,0,0,12,3,1,1,6,5,2,5,3,0,2,3944,10746,30,0,1,1791.0,0.7142857142857143,0,0.0,0.0,0.0,0.0,0.0,1.0,0.0,0.0
34,0,2,182,1,1,4,1,2,0,72,4,1,4,2,3280,13551,2,0,16,3,3,0,10,2,3,4,2,1,3,6188,3280,40,1,0,1640.0,0.36363636363636365,0,1.0,0.0,0.0,0.0,0.0,0.0,0.0,0.0
41,0,2,796,2,4,1,2,3,0,81,3,3,3,0,10447,26458,0,1,13,3,4,1,23,3,4,22,14,13,5,32636,31341,506,2,2,2611.75,0.9166666666666666,4,0.0,0.0,0.0,0.0,1.0,0.0,0.0,0.0
31,0,2,741,1,2,4,1,2,1,69,3,1,3,1,3477,18103,1,0,14,3,4,1,6,2,4,5,2,0,3,22971,3477,30,1,0,1738.5,0.7142857142857143,0,0.0,0.0,1.0,0.0,0.0,0.0,0.0,0.0
41,0,2,549,1,7,2,3,4,0,42,3,2,3,2,5003,23371,6,0,14,3,2,0,8,6,3,2,2,2,1,22509,10006,16,2,1,1667.6666666666667,0.2222222222222222,0,0.0,0.0,0.0,1.0,0.0,0.0,0.0,0.0
49,0,2,465,1,6,1,1,3,0,41,2,4,3,1,13966,11652,2,1,19,3,2,1,30,3,3,15,11,2,12,22785,55864,450,2,2,2793.2,0.4838709677419355,3,0.0,0.0,0.0,0.0,0.0,1.0,0.0,0.0
32,0,1,689,2,9,2,3,4,1,35,1,2,4,0,4668,22812,0,0,17,3,4,3,9,2,4,8,7,0,7,22048,9336,72,1,0,1556.0,0.8,0,0.0,0.0,0.0,0.0,1.0,0.0,0.0,0.0
43,0,1,1422,2,2,4,1,1,1,92,3,2,4,1,5675,19246,1,0,20,4,3,1,7,5,3,7,7,7,7,61146,11350,49,2,1,1891.6666666666667,0.875,0,0.0,0.0,0.0,0.0,1.0,0.0,0.0,0.0
40,1,2,1329,1,7,3,1,1,1,73,3,1,1,2,2166,3339,3,1,14,3,2,0,10,3,1,4,2,0,3,53160,2166,40,1,0,1083.0,0.36363636363636365,1,0.0,0.0,1.0,0.0,0.0,0.0,0.0,0.0
28,0,2,821,2,5,4,3,1,1,98,3,2,4,2,4908,24252,1,0,14,3,2,0,4,3,3,4,2,0,2,22988,9816,16,0,0,1636.0,0.8,0,0.0,0.0,0.0,0.0,1.0,0.0,0.0,0.0
36,0,2,676,1,1,3,4,3,0,35,3,2,2,1,5228,23361,0,0,15,3,1,1,10,2,3,9,7,0,5,24336,10456,90,1,1,1742.6666666666667,0.8181818181818182,0,0.0,0.0,0.0,1.0,0.0,0.0,0.0,0.0
44,0,2,986,1,8,4,1,1,1,62,4,1,4,1,2818,5044,2,1,24,4,3,1,10,2,2,3,2,0,2,43384,2818,30,2,0,1409.0,0.2727272727272727,2,0.0,0.0,1.0,0.0,0.0,0.0,0.0,0.0
36,0,2,311,1,7,3,1,1,1,77,3,1,2,2,2013,10950,2,0,11,3,3,0,15,4,3,4,3,1,3,11196,2013,60,1,0,1006.5,0.25,0,0.0,0.0,1.0,0.0,0.0,0.0,0.0,0.0
28,0,2,950,1,3,3,3,4,0,93,3,3,2,0,7655,8039,0,0,17,3,2,3,10,3,2,9,7,1,7,26600,22965,90,0,1,1913.75,0.8181818181818182,0,0.0,0.0,0.0,1.0,0.0,0.0,0.0,0.0
21,1,2,156,2,12,3,1,3,0,90,4,1,2,2,2716,25422,1,0,15,3,4,0,1,0,3,1,0,0,0,3276,2716,1,0,0,1358.0,0.5,0,0.0,0.0,0.0,0.0,0.0,-1.0,0.0,0.0
30,1,1,600,0,8,3,0,3,0,66,2,1,4,0,2180,9732,6,0,11,3,3,1,6,0,2,4,2,1,2,18000,2180,24,0,0,1090.0,0.5714285714285714,0,0.0,0.0,1.0,0.0,0.0,0.0,0.0,0.0
26,1,2,1146,2,8,3,5,4,1,38,2,2,1,2,5326,3064,6,0,17,3,3,0,6,2,2,4,3,1,2,29796,10652,24,0,1,1775.3333333333333,0.5714285714285714,0,0.0,0.0,0.0,0.0,1.0,0.0,0.0,0.0
40,0,0,1151,1,9,5,1,4,1,63,2,2,4,1,4876,14242,9,0,14,3,4,1,5,5,1,3,2,0,2,46040,9752,15,1,0,1625.3333333333333,0.5,0,0.0,0.0,0.0,0.0,0.0,1.0,0.0,0.0
24,0,0,1269,1,4,1,1,1,1,46,2,1,4,1,3162,10778,0,0,17,3,4,0,6,2,2,5,2,3,4,30456,3162,30,0,0,1581.0,0.7142857142857143,0,0.0,0.0,1.0,0.0,0.0,0.0,0.0,0.0
35,0,2,1214,1,1,3,3,2,1,30,2,1,3,2,2859,26278,1,0,18,3,1,0,6,3,3,6,4,0,4,42490,2859,36,1,0,1429.5,0.8571428571428571,0,1.0,0.0,0.0,0.0,0.0,0.0,0.0,0.0
37,0,2,783,1,7,4,3,4,1,78,3,2,1,1,4284,13588,5,1,22,4,3,1,16,2,3,5,3,0,4,28971,8568,80,1,0,1428.0,0.29411764705882354,3,1.0,0.0,0.0,0.0,0.0,0.0,0.0,0.0
26,0,1,496,1,11,2,3,1,1,60,3,2,1,1,4741,22722,1,1,13,3,3,1,5,3,3,5,3,3,3,12896,9482,25,0,0,1580.3333333333333,0.8333333333333334,3,0.0,0.0,0.0,0.0,0.0,1.0,0.0,0.0
46,1,2,669,2,9,2,3,3,1,64,2,3,4,2,9619,13596,1,0,16,3,4,0,9,3,3,9,8,4,7,30774,28857,81,2,2,2404.75,0.9,0,0.0,0.0,0.0,0.0,1.0,0.0,0.0,0.0
28,0,2,866,2,5,3,3,4,1,84,3,2,1,2,8463,23490,0,0,18,3,4,0,6,4,3,5,4,1,3,24248,16926,30,0,2,2821.0,0.7142857142857143,0,0.0,0.0,0.0,0.0,1.0,0.0,0.0,0.0
29,1,2,806,1,7,3,5,2,0,39,3,1,3,0,3339,17285,3,1,13,3,1,2,10,2,3,7,7,7,7,23374,3339,70,0,0,1669.5,0.6363636363636364,3,0.0,0.0,1.0,0.0,0.0,0.0,0.0,0.0
36,0,2,172,1,4,4,1,1,1,37,2,2,4,2,5810,22604,1,0,16,3,3,0,10,2,2,10,4,1,8,6192,11620,100,1,1,1936.6666666666667,0.9090909090909091,0,0.0,0.0,1.0,0.0,0.0,0.0,0.0,0.0
30,0,2,125,1,9,2,3,4,1,83,2,1,3,2,2206,16117,1,0,13,3,1,0,10,5,3,10,0,1,8,3750,2206,100,0,0,1103.0,0.9090909090909091,0,0.0,0.0,1.0,0.0,0.0,0.0,0.0,0.0
29,0,1,806,1,1,4,1,2,1,76,1,1,4,0,2720,18959,1,0,18,3,4,1,10,5,3,10,7,2,8,23374,2720,100,0,0,1360.0,0.9090909090909091,0,1.0,0.0,0.0,0.0,0.0,0.0,0.0,0.0
29,0,2,726,1,29,1,1,4,1,93,1,2,3,0,6384,21143,8,0,17,3,4,2,11,3,3,7,0,1,6,21054,12768,77,0,1,2128.0,0.5833333333333334,0,0.0,0.0,0.0,0.0,0.0,1.0,0.0,0.0
34,0,2,1333,2,10,4,1,3,0,87,3,1,3,1,2220,18410,1,1,19,3,4,1,1,2,3,1,1,0,0,45322,2220,1,1,0,1110.0,0.5,3,0.0,0.0,0.0,0.0,0.0,-1.0,0.0,0.0
32,0,2,859,1,4,3,1,3,0,98,2,2,3,1,6162,19124,1,0,12,3,3,1,14,3,3,14,13,6,8,27488,12324,196,1,1,2054.0,0.9333333333333333,0,0.0,0.0,0.0,1.0,0.0,0.0,0.0,0.0
42,0,2,544,0,2,1,5,3,1,52,3,1,3,0,2696,24017,0,1,11,3,3,1,4,5,3,3,2,1,0,22848,2696,12,2,0,1348.0,0.6,3,0.0,0.0,1.0,0.0,0.0,0.0,0.0,0.0
30,0,2,911,1,1,2,3,4,1,76,3,1,2,1,3748,4077,1,0,13,3,3,0,12,6,2,12,8,1,7,27330,3748,144,0,0,1874.0,0.9230769230769231,0,0.0,0.0,1.0,0.0,0.0,0.0,0.0,0.0
48,0,2,163,2,2,5,2,2,0,37,3,2,4,1,4051,19658,2,0,14,3,1,1,14,2,3,9,7,6,7,7824,8102,126,2,0,1350.3333333333333,0.6,0,0.0,0.0,0.0,0.0,1.0,0.0,0.0,0.0
38,0,2,371,1,2,3,1,4,1,45,3,1,4,2,3944,4306,5,1,11,3,3,0,6,3,3,3,2,1,2,14098,3944,18,1,0,1972.0,0.42857142857142855,3,1.0,0.0,0.0,0.0,0.0,0.0,0.0,0.0
32,0,2,128,1,2,1,5,4,1,84,2,2,1,2,2176,19737,4,0,13,3,4,0,9,5,3,6,2,0,4,4096,4352,54,1,0,725.3333333333334,0.6,0,0.0,0.0,1.0,0.0,0.0,0.0,0.0,0.0
35,0,2,1232,2,16,3,2,3,1,96,3,3,2,1,8020,5100,0,0,15,3,3,2,12,3,2,11,9,6,9,43120,24060,132,1,1,2005.0,0.8461538461538461,0,0.0,0.0,0.0,0.0,1.0,0.0,0.0,0.0
44,0,2,528,0,1,3,1,3,0,44,3,1,4,0,3195,4167,4,1,18,3,1,3,8,2,3,2,2,2,2,23232,3195,16,2,0,1597.5,0.2222222222222222,3,0.0,0.0,1.0,0.0,0.0,0.0,0.0,0.0
57,0,2,405,1,1,2,1,2,1,93,4,2,3,1,4900,2721,0,0,24,4,1,1,13,2,2,12,9,2,8,23085,9800,156,3,0,1633.3333333333333,0.8571428571428571,0,1.0,0.0,0.0,0.0,0.0,0.0,0.0,0.0
34,0,2,181,1,2,4,3,4,1,97,4,1,4,1,2932,5586,0,1,14,3,1,3,6,3,3,5,0,1,2,6154,2932,30,1,0,1466.0,0.7142857142857143,3,1.0,0.0,0.0,0.0,0.0,0.0,0.0,0.0
49,1,2,1184,2,11,3,2,3,0,43,3,3,4,1,7654,5860,1,0,18,3,1,2,9,3,4,9,8,7,7,58016,22962,81,2,1,1913.5,0.9,0,0.0,0.0,0.0,0.0,1.0,0.0,0.0,0.0
38,0,0,573,1,6,3,3,2,0,79,1,2,4,0,5329,15717,7,1,12,3,4,3,17,3,3,13,11,1,9,21774,10658,221,1,1,1776.3333333333333,0.7222222222222222,3,1.0,0.0,0.0,0.0,0.0,0.0,0.0,0.0
40,0,2,989,1,4,1,3,4,0,46,3,5,3,1,19033,6499,1,0,14,3,2,1,21,2,3,20,8,9,9,39560,95165,420,1,2,3172.1666666666665,0.9090909090909091,0,0.0,1.0,0.0,0.0,0.0,0.0,0.0,0.0
53,0,2,1223,1,7,2,3,4,0,50,3,5,3,0,18606,18640,3,0,18,3,2,1,26,6,3,7,7,4,7,64819,93030,182,3,2,3101.0,0.25925925925925924,0,0.0,1.0,0.0,0.0,0.0,0.0,0.0,0.0
29,0,2,1283,1,23,3,1,4,1,54,3,1,4,2,2201,18168,9,0,16,3,4,0,6,4,3,3,2,1,2,37207,2201,18,0,0,1100.5,0.42857142857142855,0,1.0,0.0,0.0,0.0,0.0,0.0,0.0,0.0
44,1,1,429,1,1,2,3,3,1,99,3,1,2,0,2342,11092,1,1,12,3,3,3,6,2,2,5,3,2,3,18876,2342,30,2,0,1171.0,0.7142857142857143,2,1.0,0.0,0.0,0.0,0.0,0.0,0.0,0.0
33,0,1,1111,2,5,1,1,2,1,61,3,2,4,1,9998,19293,6,0,13,3,1,0,8,2,4,5,4,1,2,36663,19996,40,1,2,3332.6666666666665,0.5555555555555556,0,0.0,0.0,0.0,0.0,1.0,0.0,0.0,0.0
44,0,2,477,1,7,4,3,1,0,42,2,3,4,1,10248,2094,3,0,14,3,4,1,24,4,3,22,6,5,17,20988,30744,528,2,2,2562.0,0.88,0,0.0,0.0,0.0,0.0,0.0,1.0,0.0,0.0
33,0,2,575,1,25,3,1,4,1,44,2,2,2,2,4320,24152,1,0,13,3,4,0,5,2,3,5,3,0,2,18975,8640,25,1,0,1440.0,0.8333333333333334,0,0.0,0.0,0.0,1.0,0.0,0.0,0.0,0.0
27,1,1,1337,0,22,3,0,1,0,58,2,1,2,1,2863,19555,1,0,12,3,1,0,1,2,3,1,0,0,0,36099,2863,1,0,0,1431.5,0.5,0,0.0,0.0,1.0,0.0,0.0,0.0,0.0,0.0
29,0,2,991,2,5,3,3,1,1,43,2,2,2,0,4187,3356,1,1,13,3,2,1,10,3,2,10,0,0,9,28739,8374,100,0,0,1395.6666666666667,0.9090909090909091,2,0.0,0.0,0.0,0.0,1.0,0.0,0.0,0.0
18,0,0,287,1,5,2,1,2,1,73,3,1,4,2,1051,13493,1,0,15,3,4,0,0,2,3,0,0,0,0,5166,1051,0,0,0,525.5,0.0,0,1.0,0.0,0.0,0.0,0.0,0.0,0.0,0.0
43,0,2,531,2,4,4,2,4,0,56,2,3,4,2,10231,20364,3,0,14,3,4,0,23,3,4,21,7,15,17,22833,30693,483,2,2,2557.75,0.875,0,0.0,0.0,0.0,0.0,1.0,0.0,0.0,0.0
29,0,2,232,1,19,3,5,4,1,34,3,2,4,0,4262,22645,4,0,12,3,2,2,8,2,4,3,2,1,2,6728,8524,24,0,0,1420.6666666666667,0.3333333333333333,0,0.0,0.0,0.0,1.0,0.0,0.0,0.0,0.0
32,0,2,498,1,3,4,3,3,0,93,3,2,1,1,6725,13554,1,0,12,3,3,1,8,2,4,8,7,6,3,15936,13450,64,1,1,2241.6666666666665,0.8888888888888888,0,0.0,0.0,0.0,1.0,0.0,0.0,0.0,0.0
50,1,2,410,2,28,3,2,4,1,39,2,3,1,0,10854,16586,4,1,13,3,2,1,20,3,3,3,2,2,0,20500,32562,60,2,2,2713.5,0.14285714285714285,3,0.0,0.0,0.0,0.0,1.0,0.0,0.0,0.0
31,1,1,1060,2,1,3,1,4,0,54,3,1,2,2,2302,8319,1,1,11,3,1,0,3,2,4,3,2,2,2,32860,2302,9,1,0,1151.0,0.75,4,0.0,0.0,0.0,0.0,0.0,-1.0,0.0,0.0
40,0,2,1194,1,1,3,1,3,0,52,3,2,4,0,6513,9060,4,0,17,3,4,1,12,3,3,5,3,0,3,47760,13026,60,1,1,2171.0,0.38461538461538464,0,0.0,0.0,0.0,0.0,0.0,1.0,0.0,0.0
30,0,2,288,1,2,3,1,3,1,99,2,2,4,1,4152,15830,1,0,19,3,1,3,11,3,3,11,10,10,8,8640,8304,121,0,0,1384.0,0.9166666666666666,0,0.0,0.0,0.0,0.0,0.0,1.0,0.0,0.0
31,1,2,249,2,6,4,1,2,1,76,1,2,3,1,6172,20739,4,1,18,3,2,0,12,3,2,7,7,7,7,7719,12344,84,1,1,2057.3333333333335,0.5384615384615384,2,0.0,0.0,0.0,0.0,1.0,0.0,0.0,0.0
35,0,2,670,1,10,4,3,1,0,51,3,2,3,2,6142,4223,3,1,16,3,3,0,10,4,3,5,2,0,4,23450,12284,50,1,1,2047.3333333333333,0.45454545454545453,3,0.0,0.0,0.0,0.0,0.0,1.0,0.0,0.0
34,0,2,1397,1,1,5,1,2,1,42,3,1,4,1,2691,7660,1,0,12,3,4,1,10,4,2,10,9,8,8,47498,2691,100,1,0,1345.5,0.9090909090909091,0,1.0,0.0,0.0,0.0,0.0,0.0,0.0,0.0
28,0,0,1476,1,1,3,1,3,0,55,1,2,4,1,6674,16392,0,0,11,3,1,3,10,6,3,9,8,7,5,41328,13348,90,0,1,2224.6666666666665,0.8181818181818182,0,0.0,0.0,1.0,0.0,0.0,0.0,0.0,0.0
40,0,0,663,1,9,4,4,3,1,81,3,2,3,0,3975,23099,3,0,11,3,3,2,11,2,4,8,7,0,7,26520,7950,88,1,0,1325.0,0.6666666666666666,0,0.0,0.0,1.0,0.0,0.0,0.0,0.0,0.0
46,0,2,563,2,1,4,1,4,1,56,4,4,1,2,17567,3156,1,0,15,3,2,0,27,5,1,26,0,0,12,25898,70268,702,2,2,3513.4,0.9285714285714286,0,0.0,1.0,0.0,0.0,0.0,0.0,0.0,0.0
26,0,2,933,2,1,3,1,3,1,57,3,2,3,1,5296,20156,1,0,17,3,2,1,8,3,3,8,7,7,7,24258,10592,64,0,1,1765.3333333333333,0.8888888888888888,0,0.0,0.0,0.0,0.0,1.0,0.0,0.0,0.0
30,0,2,979,2,15,2,2,3,1,94,2,3,1,0,7140,3088,2,0,11,3,1,1,12,2,3,7,7,1,7,29370,21420,84,0,1,1785.0,0.5384615384615384,0,0.0,0.0,0.0,0.0,1.0,0.0,0.0,0.0
35,1,2,622,1,14,4,4,3,1,39,2,1,2,0,3743,10074,1,1,24,4,4,1,5,2,1,4,2,0,2,21770,3743,20,1,0,1871.5,0.6666666666666666,1,0.0,0.0,1.0,0.0,0.0,0.0,0.0,0.0
32,1,2,1033,1,9,3,3,1,0,41,3,1,1,2,4200,10224,7,0,22,4,1,0,10,2,4,5,4,0,4,33056,4200,50,1,0,2100.0,0.45454545454545453,0,0.0,0.0,1.0,0.0,0.0,0.0,0.0,0.0
30,0,2,1176,1,20,3,4,3,1,85,3,2,1,1,9957,9096,0,0,15,3,3,1,7,1,2,6,2,0,2,35280,19914,42,0,2,3319.0,0.75,0,0.0,0.0,0.0,1.0,0.0,0.0,0.0,0.0
34,0,2,810,2,8,2,5,2,1,92,4,2,3,1,6799,22128,1,0,21,4,3,2,10,5,3,10,8,4,8,27540,13598,100,1,1,2266.3333333333335,0.9090909090909091,0,0.0,0.0,0.0,0.0,1.0,0.0,0.0,0.0
35,0,2,195,2,1,3,3,1,0,80,3,2,3,2,4859,6698,1,0,16,3,4,0,5,3,3,5,4,0,3,6825,9718,25,1,0,1619.6666666666667,0.8333333333333334,0,0.0,0.0,0.0,0.0,1.0,0.0,0.0,0.0
40,0,2,444,2,2,2,2,2,0,92,3,2,2,1,5677,4258,3,0,14,3,3,1,15,4,3,11,8,5,10,17760,11354,165,1,1,1892.3333333333333,0.6875,0,0.0,0.0,0.0,0.0,1.0,0.0,0.0,0.0
34,1,2,790,2,24,4,3,1,0,40,2,2,2,2,4599,7815,0,1,23,4,3,0,16,2,4,15,9,10,10,26860,9198,240,1,0,1533.0,0.8823529411764706,4,0.0,0.0,0.0,0.0,1.0,0.0,0.0,0.0
38,0,2,1206,1,9,2,1,2,1,71,3,1,4,0,4771,14293,2,0,19,3,4,2,10,0,4,5,2,0,3,45828,4771,50,1,0,2385.5,0.45454545454545453,0,1.0,0.0,0.0,0.0,0.0,0.0,0.0,0.0
30,0,2,634,1,17,4,3,2,0,95,3,3,1,1,11916,25927,1,1,23,4,4,2,9,2,3,9,1,0,8,19020,35748,81,0,2,2979.0,0.9,3,0.0,1.0,0.0,0.0,0.0,0.0,0.0,0.0
46,0,2,1125,2,10,3,2,3,0,94,2,3,4,1,9071,11563,2,1,19,3,3,1,15,3,3,3,2,1,2,51750,27213,45,2,2,2267.75,0.1875,3,0.0,0.0,0.0,0.0,1.0,0.0,0.0,0.0
51,0,2,1469,1,8,4,1,2,1,81,2,3,2,1,12490,15736,5,0,16,3,4,2,16,5,1,10,9,4,7,74919,37470,160,3,2,3122.5,0.5882352941176471,0,0.0,-1.0,0.0,0.0,0.0,0.0,0.0,0.0
23,0,2,310,1,10,1,3,1,1,79,4,1,3,2,3505,19630,1,0,18,3,4,0,2,3,3,2,2,0,2,7130,3505,4,0,0,1752.5,0.6666666666666666,0,1.0,0.0,0.0,0.0,0.0,0.0,0.0,0.0
55,0,2,692,1,14,4,3,3,1,61,4,5,2,2,18722,13339,8,0,11,3,4,0,36,3,3,24,15,2,15,38060,93610,864,3,2,3120.3333333333335,0.6486486486486487,0,0.0,-1.0,0.0,0.0,0.0,0.0,0.0,0.0
46,0,2,1277,2,2,3,1,3,1,74,3,3,4,0,10368,5596,4,1,12,3,2,1,13,5,2,10,6,0,3,58742,31104,130,2,2,2592.0,0.7142857142857143,2,0.0,0.0,0.0,0.0,1.0,0.0,0.0,0.0
30,0,2,438,1,18,3,1,1,0,75,3,1,3,2,2632,23910,1,0,14,3,3,0,5,4,2,5,4,0,4,13140,2632,25,0,0,1316.0,0.8333333333333334,0,1.0,0.0,0.0,0.0,0.0,0.0,0.0,0.0
58,0,1,1216,1,15,4,1,1,1,87,3,4,3,1,15787,21624,2,1,14,3,2,0,23,3,3,2,2,2,2,70528,63148,46,3,2,3157.4,0.08333333333333333,3,0.0,-1.0,0.0,0.0,0.0,0.0,0.0,0.0
51,0,2,942,1,3,3,5,1,0,53,3,3,3,1,13116,22984,2,0,11,3,4,0,15,2,3,2,2,2,2,48042,39348,30,3,2,3279.0,0.125,0,0.0,1.0,0.0,0.0,0.0,0.0,0.0,0.0
42,0,1,1474,1,5,2,4,2,1,97,3,1,3,1,2093,9260,4,0,17,3,4,1,8,4,3,2,2,2,0,61908,2093,16,2,0,1046.5,0.2222222222222222,0,0.0,0.0,1.0,0.0,0.0,0.0,0.0,0.0
31,0,2,691,2,7,3,2,4,1,73,3,2,4,0,7547,7143,4,0,12,3,4,3,13,3,3,7,7,1,7,21421,15094,91,1,1,2515.6666666666665,0.5,0,0.0,0.0,0.0,0.0,1.0,0.0,0.0,0.0
34,0,2,1440,2,7,2,5,2,1,55,3,1,3,1,2308,4944,0,1,25,4,2,1,12,4,3,11,10,5,7,48960,2308,132,1,0,1154.0,0.8461538461538461,3,0.0,0.0,0.0,0.0,0.0,-1.0,0.0,0.0
60,0,2,422,1,7,3,1,1,0,41,3,5,1,1,19566,3854,5,0,11,3,4,0,33,5,1,29,8,11,10,25320,97830,957,3,2,3261.0,0.8529411764705882,0,0.0,1.0,0.0,0.0,0.0,0.0,0.0,0.0
37,0,2,1462,1,11,3,3,1,0,94,3,1,3,2,3629,19106,4,0,18,3,1,0,8,6,3,3,2,0,2,54094,3629,24,1,0,1814.5,0.3333333333333333,0,0.0,0.0,1.0,0.0,0.0,0.0,0.0,0.0
35,0,2,682,2,18,4,3,2,1,71,3,2,1,1,5561,15975,0,0,16,3,4,1,6,2,1,5,3,0,4,23870,11122,30,1,1,1853.6666666666667,0.7142857142857143,0,0.0,0.0,0.0,0.0,1.0,0.0,0.0,0.0
46,0,0,1144,1,7,4,3,3,0,30,3,2,3,1,5258,16044,2,0,14,3,3,0,7,2,4,1,0,0,0,52624,10516,7,2,1,1752.6666666666667,0.125,0,0.0,0.0,0.0,1.0,0.0,0.0,0.0,0.0
23,1,2,427,2,7,3,1,3,1,99,3,1,4,0,2275,25103,1,1,21,4,2,1,3,2,3,3,2,0,2,9821,2275,9,0,0,1137.5,0.75,3,0.0,0.0,0.0,0.0,0.0,-1.0,0.0,0.0
38,0,2,1009,2,2,2,1,2,0,31,3,2,1,0,6893,19461,3,0,15,3,4,1,11,3,3,7,7,1,7,38342,13786,77,1,1,2297.6666666666665,0.5833333333333334,0,0.0,0.0,0.0,0.0,1.0,0.0,0.0,0.0
22,0,2,217,1,8,1,1,2,1,94,1,1,1,1,2451,6881,1,0,15,3,1,1,4,3,2,4,3,1,1,4774,2451,16,0,0,1225.5,0.8,0,0.0,0.0,1.0,0.0,0.0,0.0,0.0,0.0
36,0,2,430,1,2,4,4,4,0,73,3,2,2,1,6962,19573,4,1,22,4,4,1,15,2,3,1,0,0,0,15480,13924,15,1,1,2320.6666666666665,0.0625,3,1.0,0.0,0.0,0.0,0.0,0.0,0.0,0.0
39,0,1,766,2,20,3,1,3,1,83,3,2,4,0,4127,19188,2,0,18,3,4,1,7,6,3,2,1,2,2,29874,8254,14,1,0,1375.6666666666667,0.25,0,0.0,0.0,0.0,0.0,1.0,0.0,0.0,0.0
